xed,0.00239054262043
soa,0.00196482955104
lba,3.27471591839e-05
rol,0.00785931820415
urt,0.00710613354292
usc,0.000392965910207
sce,0.00150636932246
ryb,0.000982414775518
ffs,0.00114615057144
pry,6.54943183679e-05
ugg,0.0101843665062
jar,0.000523954546943
rtu,0.00176834659593
not,0.0641844320005
dlo,0.000261977273472
llo,0.0158168778858
ugs,0.000392965910207
nlu,9.82414775518e-05
alr,0.00481383240004
rta,0.00609097160821
rha,0.00275076137145
ima,0.00304548580411
wom,0.00150636932246
dsb,0.0
adr,0.00016373579592
tof,0.000229230114288
jin,0.000261977273472
bir,0.00219405966532
inx,0.000360218751023
fti,0.00121164488981
imm,0.00350394603268
ocu,0.00091692045715
kse,3.27471591839e-05
lls,0.00517405115106
bno,9.82414775518e-05
udb,0.000294724432655
imy,0.000360218751023
sus,0.00252153125716
phs,0.000294724432655
hra,0.000556701706127
tfu,0.000851426138782
ecc,3.27471591839e-05
ami,0.0103481023021
zle,0.000458460228575
nno,0.00399515342044
umi,0.00127713920817
opp,0.0140157841307
dna,9.82414775518e-05
mos,0.0154566591348
onf,0.00189933523267
rsd,0.000360218751023
ped,0.0371680256738
ame,0.0381504404493
nwh,0.000130988636736
moo,0.00939843468579
fol,0.00766283524904
cac,0.000261977273472
ssi,0.0138520483348
rdi,0.00465009660412
lry,3.27471591839e-05
eey,3.27471591839e-05
uum,6.54943183679e-05
oph,0.00176834659593
onj,0.00137538068573
dal,0.000261977273472
eme,0.0314372728166
pon,0.00622196024495
aft,0.0159151193634
bar,0.00743360513475
cew,9.82414775518e-05
did,0.0182401676655
sio,0.00736811081639
aws,0.000949667616334
emi,0.00248878409798
unp,0.00144087500409
gus,0.00111340341225
stl,0.00821953695517
qui,0.0292432131513
iog,3.27471591839e-05
ifl,0.000523954546943
mft,0.0
pil,0.00435537217146
wce,3.27471591839e-05
tru,0.010511838098
teh,0.0
aaa,0.000294724432655
lep,0.00294724432655
htc,0.0
ouc,0.00910371025314
zli,0.000360218751023
ift,0.00677866195108
try,0.0197465369879
ted,0.068015849625
cki,0.00772832956741
rot,0.00471559092249
var,0.000392965910207
rpi,0.000196482955104
olt,0.00275076137145
lds,0.000392965910207
tep,0.00753184661231
run,0.00985689491437
osm,9.82414775518e-05
pbe,0.0
ico,0.00160461080001
ppo,0.012640403445
rer,0.00199757671022
rty,0.00278350853063
ndq,0.0
gou,3.27471591839e-05
goa,0.00114615057144
ume,0.00199757671022
pud,0.000392965910207
irl,0.00543602842453
mbh,3.27471591839e-05
dfi,0.00016373579592
mum,0.00176834659593
stp,3.27471591839e-05
ner,0.0111012869634
acc,0.00396240626126
bbo,0.000196482955104
rmf,6.54943183679e-05
nol,0.000261977273472
rli,0.00304548580411
zab,9.82414775518e-05
fiz,0.00016373579592
mem,0.00805580115925
ggy,0.000785931820415
eem,0.0180436847104
tut,0.000425713069391
wth,6.54943183679e-05
mau,0.0
nti,0.0269836591676
fun,0.00242328977961
nvo,0.000556701706127
lml,0.000130988636736
eks,0.0010151619347
swe,0.00799030684088
mme,0.00700789206536
wak,0.0018338409143
nav,0.000130988636736
nte,0.0298326620166
atf,0.00124439204899
oms,0.00330746307758
nbo,6.54943183679e-05
pep,0.000523954546943
obj,0.000654943183679
ska,6.54943183679e-05
coy,0.0
ulf,0.000294724432655
rng,0.0
miu,9.82414775518e-05
dru,0.000392965910207
rde,0.0063202017225
mso,0.000196482955104
isk,0.00167010511838
eyi,0.000360218751023
utb,3.27471591839e-05
bol,0.00294724432655
zer,0.000261977273472
dra,0.0117889773062
sew,9.82414775518e-05
obr,0.0
cca,0.000622196024495
gth,0.000982414775518
vib,0.000360218751023
and,0.424468677342
lud,0.00504306251433
wic,0.00258702557553
pru,9.82414775518e-05
kwi,0.000327471591839
fro,0.0665422274618
som,0.0383141762452
etb,0.0
eui,3.27471591839e-05
bro,0.0157841307267
kic,0.00170285227756
igo,0.00016373579592
ucc,0.000360218751023
kes,0.00435537217146
rkl,0.000720437502047
pra,0.00343845171431
ndi,0.0177162131185
fbo,6.54943183679e-05
swi,0.00389691194289
adf,0.000392965910207
gis,0.000523954546943
aye,0.00376592330615
aso,0.0018338409143
riz,0.000753184661231
oak,0.00553426990209
equ,0.00124439204899
aum,0.0
gig,0.00144087500409
ebl,0.000458460228575
pfu,0.0
lov,0.00186658807348
zin,0.00540328126535
fif,0.00291449716737
was,0.221174313128
gsm,0.00160461080001
ehv,0.0
buz,0.000458460228575
dry,0.000720437502047
nro,0.000130988636736
nla,0.0
oom,0.018338409143
odt,0.0
pit,0.00415888921636
shl,0.000327471591839
tfa,9.82414775518e-05
dfu,0.000785931820415
hut,0.00324196875921
hap,0.0166683040246
rfs,3.27471591839e-05
ncl,0.0140485312899
oge,0.00193208239185
dvi,0.000687690342863
ocy,0.0
tcr,0.0
had,0.136883125389
fly,0.00406064773881
inl,0.00261977273472
ibl,0.00936568752661
lto,0.000229230114288
owa,0.0153584176573
dap,9.82414775518e-05
iqu,0.000491207387759
elv,0.00592723581229
flu,0.00356944035105
ilf,0.0
lho,0.000229230114288
oes,0.00409339489799
dut,0.000196482955104
lva,6.54943183679e-05
fla,0.00789206536333
ard,0.0694894717883
ded,0.0284245341717
raf,0.00104790909389
hip,0.00386416478371
lbu,0.00121164488981
ghp,0.0
rns,0.00144087500409
aco,0.00291449716737
tze,0.0
rvo,0.00199757671022
vhe,0.0
rin,0.0617283950617
lne,0.000196482955104
vot,0.000425713069391
fox,0.0
spl,0.00337295739595
joh,0.000196482955104
esc,0.00317647444084
lux,6.54943183679e-05
saw,0.0165045682287
tnu,3.27471591839e-05
lid,0.00576350001637
tho,0.0543602842453
pat,0.00723712217965
nde,0.0363493466942
edr,0.00615646592658
jen,0.0
hon,0.00255427841635
rib,0.00540328126535
bub,0.000949667616334
enl,0.00782657104496
cys,6.54943183679e-05
sic,0.00222680682451
far,0.00481383240004
hor,0.00939843468579
ews,0.00124439204899
olh,3.27471591839e-05
pal,0.00281625568982
ttw,0.0
rgl,0.000261977273472
syc,3.27471591839e-05
afl,3.27471591839e-05
utn,0.0
led,0.073353636572
nib,9.82414775518e-05
jun,0.000425713069391
nfo,0.00317647444084
igw,0.000589448865311
oic,0.0113632642368
lps,3.27471591839e-05
unh,0.000196482955104
aos,0.0
lat,0.0120182074205
mim,6.54943183679e-05
irp,9.82414775518e-05
typ,9.82414775518e-05
idn,0.000589448865311
itr,9.82414775518e-05
cke,0.0234797131349
oka,0.000327471591839
pix,0.000229230114288
nyb,0.000491207387759
don,0.00697514490618
dul,0.00124439204899
agg,0.0046828437633
isg,0.00104790909389
xpo,6.54943183679e-05
ble,0.0579624717556
epr,0.00124439204899
ios,9.82414775518e-05
ksi,3.27471591839e-05
doz,0.00111340341225
tit,0.00124439204899
ren,0.00956217048171
ssu,0.0020303238694
vin,0.0199102727838
chl,0.000130988636736
fan,0.00340570455513
fuz,0.0
npe,3.27471591839e-05
asc,0.000654943183679
adj,0.0
inm,0.0
yel,0.00504306251433
vic,0.00153911648165
osp,0.00291449716737
vec,3.27471591839e-05
ffr,0.00016373579592
igz,0.000130988636736
zes,0.000327471591839
vio,0.00370042898779
lln,9.82414775518e-05
fas,0.00543602842453
dye,3.27471591839e-05
ufi,0.0
mna,9.82414775518e-05
bec,0.0167992926614
alk,0.0220060909716
rou,0.0775452729476
rom,0.0541965484494
oaf,6.54943183679e-05
hai,0.0101843665062
dsc,0.0
elo,0.00340570455513
wol,0.00137538068573
ify,0.000360218751023
cle,0.0207616989226
tok,3.27471591839e-05
aul,0.00271801421227
bis,0.000458460228575
adg,0.00108065625307
ryc,0.000130988636736
fig,0.00507580967351
nsa,0.000589448865311
mil,0.0112650227593
kiv,3.27471591839e-05
elw,3.27471591839e-05
sur,0.0182729148246
ryw,0.000425713069391
pee,0.00605822444903
bik,0.000130988636736
ifu,0.000785931820415
mor,0.0340242983921
naw,0.00016373579592
rnf,0.000130988636736
ngi,0.00671316763271
ong,0.0285882699676
ope,0.0225955398369
wev,0.000196482955104
mon,0.0116907358287
mul,0.000884173297966
ava,0.000753184661231
nou,0.00769558240823
isj,0.0
edg,0.00422438353473
opi,0.00350394603268
gef,0.0
bas,0.00189933523267
yon,0.0129678750368
phr,9.82414775518e-05
guf,9.82414775518e-05
roy,0.00147362216328
die,0.00501031535514
nwi,0.00016373579592
eve,0.0899564462783
rse,0.0129351278777
sin,0.0227265284737
pim,6.54943183679e-05
gur,0.002849002849
acn,0.000130988636736
rga,0.000327471591839
stm,0.00209581818777
usb,0.0
ksh,0.0026525198939
bak,6.54943183679e-05
ota,0.000753184661231
mfu,6.54943183679e-05
lie,0.0109048040083
res,0.0353996790778
oin,0.0446343779677
oli,0.0055015227429
evi,0.00988964207355
unq,0.0
hfl,3.27471591839e-05
tee,0.00687690342863
shm,0.000327471591839
uxw,0.0
sib,0.00779382388578
eto,0.000720437502047
olu,0.00114615057144
ons,0.0201395028981
iny,0.00291449716737
eze,0.00124439204899
aux,0.00153911648165
ktu,0.000130988636736
lee,0.00677866195108
gol,0.0061237187674
ump,0.00880898582048
bag,0.00753184661231
tei,0.0
sun,0.00232504830206
xie,0.000425713069391
ckh,0.00451910796738
foy,0.011396011396
yet,0.00353669319187
lks,9.82414775518e-05
dso,0.000392965910207
ldr,0.00199757671022
irm,0.000851426138782
orw,0.00491207387759
oda,0.000753184661231
got,0.0369387955595
ura,0.00199757671022
nes,0.00785931820415
nfr,9.82414775518e-05
enm,6.54943183679e-05
rky,9.82414775518e-05
ocl,0.0
hdr,0.00016373579592
omf,0.00314372728166
lue,0.00268526705308
nge,0.02367619609
vag,0.000720437502047
mel,0.00563251137964
ied,0.0234797131349
ufe,0.0
nth,0.00255427841635
ewf,0.0
ork,0.00982414775518
sle,0.0226282869961
btl,6.54943183679e-05
ggl,0.00900546877558
ior,0.000687690342863
tmi,9.82414775518e-05
rph,0.000261977273472
asn,0.0
ibu,0.000261977273472
rgu,0.000851426138782
uve,0.000130988636736
wly,0.00314372728166
obs,0.00111340341225
etw,0.00458460228575
sfo,0.000654943183679
vsi,0.0
gla,0.0101188721878
shu,0.0042898778531
als,0.00376592330615
ilk,0.000982414775518
ksp,0.000327471591839
dee,0.0053050397878
ido,0.00304548580411
jew,9.82414775518e-05
nom,0.000753184661231
wro,0.00343845171431
uni,0.00635294888168
wha,0.0429642728493
oct,0.000261977273472
mix,0.000654943183679
akf,0.00130988636736
oen,0.000589448865311
onk,0.000196482955104
bom,0.000327471591839
nwe,0.0
mbi,0.000884173297966
rag,0.00753184661231
chy,0.000458460228575
mit,0.00478108524086
dma,0.00140812784491
jag,9.82414775518e-05
sol,0.00261977273472
chm,0.00196482955104
poo,0.0018338409143
tgo,0.0
uzy,3.27471591839e-05
jec,0.00189933523267
tua,0.00167010511838
voy,0.000229230114288
kfo,3.27471591839e-05
poc,0.00232504830206
kbo,0.000130988636736
fou,0.0152274290205
oub,0.00599273013066
cha,0.0273766250778
uto,0.000294724432655
gir,0.00327471591839
gif,0.000294724432655
lyi,0.00504306251433
siv,0.00173559943675
fth,0.000622196024495
dqu,3.27471591839e-05
two,0.0124111733307
why,0.0071388807021
dnt,6.54943183679e-05
wiz,0.0133280937879
low,0.0279660739431
ary,0.00540328126535
eho,0.0010151619347
tyi,0.000458460228575
war,0.0374627501064
xam,0.00281625568982
tfl,0.0
rlp,3.27471591839e-05
gab,9.82414775518e-05
nke,0.00235779546124
ulg,0.00167010511838
ndh,6.54943183679e-05
eje,6.54943183679e-05
ool,0.0107083210531
wiv,0.000360218751023
ldf,3.27471591839e-05
ads,0.00409339489799
ogd,3.27471591839e-05
ivi,0.00677866195108
odu,0.000851426138782
cro,0.0260667387104
awf,0.000294724432655
thb,0.000130988636736
oop,0.00281625568982
vas,0.000523954546943
wsp,0.000294724432655
buc,0.00225955398369
joi,0.00360218751023
eyh,9.82414775518e-05
wnc,0.0
gst,0.000130988636736
eel,0.0130333693552
psw,0.0
kla,0.0
dam,0.0107410682123
rio,0.00599273013066
ina,0.00782657104496
ait,0.00952942332253
iml,0.000425713069391
acb,0.0
cav,0.000523954546943
tog,0.00258702557553
ryo,0.00661492615516
rce,0.0053050397878
era,0.00936568752661
wdi,0.0
cab,0.00409339489799
kly,0.00517405115106
okl,3.27471591839e-05
are,0.0576677473229
ane,0.00419163637554
san,0.00556701706127
rwa,0.00510855683269
avy,0.00199757671022
utc,0.0026525198939
ury,0.000851426138782
reo,6.54943183679e-05
ani,0.00779382388578
ulk,0.000294724432655
ive,0.0333038608901
vou,0.00199757671022
uit,0.00821953695517
ncm,0.0
sen,0.0128368864001
uat,0.000556701706127
gns,0.000229230114288
sav,0.00278350853063
gaz,0.00209581818777
zoa,6.54943183679e-05
oxy,0.0
pau,0.00114615057144
etc,0.00314372728166
rak,0.000622196024495
hoo,0.0164718210695
nyw,0.000949667616334
ric,0.0103153551429
efi,0.00212856534696
ccl,0.0
afa,0.000360218751023
hos,0.0133935881062
wpi,0.0
ign,0.00749909945312
eny,0.000392965910207
yna,0.0
lfl,0.0
efe,0.00422438353473
cta,0.00114615057144
lok,0.000130988636736
lam,0.00635294888168
isf,0.000556701706127
eds,0.00389691194289
mat,0.00704063922455
udo,0.0018338409143
mut,0.00432262501228
sev,0.00782657104496
nic,0.00556701706127
bca,0.0
owl,0.0134590824246
hea,0.0568490683433
cub,3.27471591839e-05
pyi,0.000294724432655
ker,0.00442086648983
aor,0.000654943183679
iby,0.0
dum,0.0188296165308
kyf,0.0
lau,0.00582899433474
ewr,0.0
owt,6.54943183679e-05
mal,0.0214493892655
ize,0.011035792645
abe,0.000392965910207
fca,6.54943183679e-05
cod,0.000196482955104
doo,0.0129678750368
amp,0.00756459377149
gan,0.00854700854701
ody,0.0143760028818
exo,0.0
lpr,0.000130988636736
civ,0.0
eps,0.00406064773881
ena,0.00111340341225
dow,0.0378557160166
ghe,0.00281625568982
gpi,3.27471591839e-05
sha,0.0181746733471
nbr,3.27471591839e-05
azy,0.000261977273472
nak,0.00222680682451
lpf,0.0
its,0.0171595114124
ghi,0.0018338409143
eup,0.000130988636736
yze,3.27471591839e-05
nwr,0.000425713069391
oss,0.0161116023185
edp,3.27471591839e-05
pty,0.00360218751023
rov,0.00314372728166
auc,0.000327471591839
ron,0.0718472672496
icy,0.000589448865311
xty,0.000196482955104
pte,0.00484657955922
xha,0.000261977273472
mpt,0.00625470740413
fal,0.00415888921636
ius,0.00933294036742
pef,0.000523954546943
tro,0.0146707273144
dif,0.00471559092249
roz,0.000425713069391
dde,0.0178472017552
diz,0.000130988636736
oso,0.0
hta,0.000229230114288
rre,0.00563251137964
tef,0.000425713069391
rry,0.183318597112
ter,0.0977502701641
hty,0.000360218751023
eca,0.0144087500409
sum,0.00330746307758
abr,0.000491207387759
alp,9.82414775518e-05
puf,0.00232504830206
nep,0.000229230114288
rbi,0.00140812784491
lef,0.00962766480008
meo,0.00546877558372
xtu,0.000327471591839
ler,0.00337295739595
mes,0.00808854831843
ggo,0.00167010511838
hbo,0.000229230114288
eki,0.000687690342863
gow,0.000229230114288
bor,0.00307823296329
asa,0.00147362216328
aki,0.0172250057308
uld,0.0701116678128
bon,0.00153911648165
ake,0.0361856108983
pla,0.0242983921145
bry,0.000130988636736
iph,0.000360218751023
vil,0.0089727216164
fba,3.27471591839e-05
ipt,0.000458460228575
rkn,0.000949667616334
bra,0.00697514490618
fed,0.00219405966532
usa,0.00252153125716
ayg,0.0
iek,0.0018338409143
usu,0.00478108524086
ntg,0.0
eyw,6.54943183679e-05
zil,0.000294724432655
spr,0.00497756819596
usy,0.000982414775518
nkf,3.27471591839e-05
ooo,3.27471591839e-05
aca,0.000327471591839
oos,0.00212856534696
cay,3.27471591839e-05
cau,0.0190588466451
dej,0.0
erb,0.00189933523267
def,0.0044863608082
yge,0.0
xch,0.000556701706127
hir,0.00566525853882
uaw,3.27471591839e-05
tab,0.00821953695517
ryl,0.0
hol,0.0152274290205
isi,0.0104135966205
enn,0.000425713069391
sia,0.000425713069391
hop,0.00789206536333
ryt,0.00379867046534
sim,0.00193208239185
lan,0.0124439204899
lab,0.000884173297966
mac,0.00186658807348
lav,0.00173559943675
acy,0.0
egy,0.000196482955104
egu,0.00091692045715
kma,0.000130988636736
ghf,0.0
ega,0.00726986933883
tty,0.0010151619347
ith,0.102171136654
bje,0.0016373579592
ttu,3.27471591839e-05
lst,0.000130988636736
nyt,0.00799030684088
tta,0.00563251137964
fix,0.00235779546124
imo,3.27471591839e-05
fid,0.000589448865311
uoi,0.000130988636736
eus,9.82414775518e-05
non,0.00848151422864
cea,0.000851426138782
dan,0.0055015227429
nob,0.00324196875921
soo,0.00258702557553
dar,0.0178799489144
nov,0.000327471591839
enz,0.000360218751023
cey,9.82414775518e-05
gue,0.00320922160003
xle,3.27471591839e-05
oya,0.000818678979599
soc,0.00144087500409
upd,0.0
lfo,0.011396011396
lfs,3.27471591839e-05
zat,9.82414775518e-05
goo,0.00952942332253
rep,0.00753184661231
shb,3.27471591839e-05
rel,0.014245014245
sme,0.00406064773881
asu,0.00173559943675
ort,0.0320594688411
mms,0.0
ecu,0.00160461080001
sym,0.000261977273472
puz,0.000261977273472
rfi,0.0
rls,0.00134263352654
ltu,0.00016373579592
ath,0.0257720142778
lta,3.27471591839e-05
ise,0.0152274290205
nho,0.000425713069391
ond,0.0157513835675
phe,0.00206307102859
onp,0.0
jet,0.000785931820415
iag,0.00212856534696
xir,0.000130988636736
yis,0.000196482955104
jel,3.27471591839e-05
tfo,0.00124439204899
lot,0.0071388807021
hub,6.54943183679e-05
rsf,0.0
ogs,0.00189933523267
ogg,0.00196482955104
udl,0.00730261649802
dti,0.0
stn,0.0
tod,0.000720437502047
str,0.0366440711268
rad,0.00114615057144
ebr,0.00127713920817
sam,0.00465009660412
say,0.0148672102695
odb,0.0
sau,0.000654943183679
asm,0.000229230114288
lif,0.0042898778531
mio,0.0428005370534
cco,0.00147362216328
zon,0.000196482955104
ues,0.00356944035105
ncr,0.0010151619347
eff,0.00150636932246
sfl,0.0
jul,3.27471591839e-05
awe,0.00104790909389
ecy,3.27471591839e-05
ckg,6.54943183679e-05
dol,9.82414775518e-05
urv,0.00147362216328
tha,0.126862494679
exp,0.0122146903756
lpe,0.00170285227756
dot,0.000425713069391
rtc,6.54943183679e-05
uge,0.00239054262043
rtw,0.0
nlo,0.000392965910207
ngf,0.00016373579592
zed,0.00893997445722
oco,0.0016373579592
jap,3.27471591839e-05
hro,0.0283917870125
ymo,6.54943183679e-05
yff,0.0102498608246
luf,0.000556701706127
ssw,0.000458460228575
tbo,0.0
aes,3.27471591839e-05
bad,0.00465009660412
dpa,3.27471591839e-05
edd,0.00091692045715
ybr,3.27471591839e-05
seu,0.0
nut,0.00501031535514
arf,0.000360218751023
sem,0.00091692045715
ffe,0.00854700854701
dla,0.0
irr,0.0044863608082
woo,0.0071388807021
yth,0.017978190392
dly,0.0129351278777
jor,0.0010151619347
ome,0.0664439859842
ika,0.0
tub,0.000589448865311
unr,0.000491207387759
ell,0.0456167927432
ett,0.0241674034777
tly,0.0229557585879
ilh,0.000229230114288
cog,0.00150636932246
unj,0.0
fry,0.00016373579592
wei,0.00225955398369
etl,0.00209581818777
rps,0.0
pol,0.00288175000819
uca,0.000130988636736
fra,0.00471559092249
lyr,0.0
dun,0.00216131250614
bba,6.54943183679e-05
bbu,0.0
mcm,0.0
otb,3.27471591839e-05
ild,0.00487932671841
mca,0.0
gam,0.00189933523267
fut,0.000360218751023
rds,0.00861250286538
ysm,3.27471591839e-05
rbu,3.27471591839e-05
eig,0.00343845171431
ful,0.0183711563022
irn,0.0
rni,0.00828503127354
ril,0.0036676818286
oko,6.54943183679e-05
nnu,6.54943183679e-05
ewi,0.00150636932246
okw,6.54943183679e-05
pav,0.00016373579592
dhe,3.27471591839e-05
ewe,0.00134263352654
pab,0.000261977273472
lyj,0.000654943183679
pan,0.00465009660412
phi,0.000196482955104
tle,0.024396633592
vvy,0.0
oia,0.0
nvy,0.0
llm,0.0
thy,0.00111340341225
epp,0.00304548580411
thm,0.000327471591839
oft,0.00255427841635
lbo,0.00091692045715
cmi,0.000196482955104
tiv,0.00242328977961
gso,0.0
lde,0.0156203949307
yew,0.000130988636736
adp,0.0
gma,0.00455185512657
haf,0.000130988636736
add,0.00487932671841
lch,0.00383141762452
har,0.195140321577
elt,0.0123129318532
nvu,3.27471591839e-05
opr,6.54943183679e-05
rne,0.0253463012084
apt,0.00533778694698
mom,0.00641844320005
ams,0.00193208239185
pst,0.00130988636736
eec,0.00108065625307
uzz,0.000851426138782
nje,0.0
olv,0.00157186364083
yke,0.0
per,0.0334021023676
ddi,0.00972590627763
esa,0.000360218751023
fon,0.000360218751023
icu,0.00412614205718
dcl,0.0
rul,0.00130988636736
uff,0.0116907358287
zzi,0.000654943183679
rut,0.00108065625307
ndk,0.000327471591839
msy,6.54943183679e-05
acm,0.00016373579592
idl,0.000884173297966
nds,0.0171922585716
ppa,0.00255427841635
owc,0.00016373579592
ppy,0.00222680682451
mbr,0.000753184661231
wai,0.0073353636572
loh,0.0
vad,0.00016373579592
gie,0.000196482955104
heb,0.0
vap,6.54943183679e-05
xpu,3.27471591839e-05
eac,0.0216786193798
but,0.0698496905393
yag,0.000130988636736
urb,0.000949667616334
utl,0.000654943183679
azz,0.000229230114288
ciu,0.000949667616334
rva,0.0026525198939
hli,9.82414775518e-05
pin,0.0316337557717
mys,0.00216131250614
nna,0.000785931820415
inn,0.0114287585552
rvy,3.27471591839e-05
inb,6.54943183679e-05
igu,0.00268526705308
nah,0.000229230114288
nat,0.00697514490618
you,0.141565969152
fts,9.82414775518e-05
oem,0.0
ubb,0.00304548580411
fsb,0.0
ums,0.000360218751023
age,0.0193208239185
hns,0.000196482955104
eou,0.00016373579592
roo,0.0208599404002
llp,0.0
row,0.0217441136981
aub,9.82414775518e-05
lki,0.00900546877558
ali,0.00769558240823
enc,0.0117889773062
aun,0.00913645741232
vea,0.000818678979599
auz,3.27471591839e-05
mpa,0.00350394603268
rem,0.0158823722042
mpu,0.000229230114288
fam,0.00514130399188
mpy,0.000392965910207
foo,0.00668042047352
gud,0.0
upe,0.000654943183679
upy,3.27471591839e-05
evs,3.27471591839e-05
mli,0.0
xcu,0.000851426138782
teg,3.27471591839e-05
htt,0.000196482955104
sni,0.00278350853063
nbl,0.000294724432655
pmo,9.82414775518e-05
uer,0.000196482955104
nei,0.00117889773062
sul,0.00140812784491
uli,0.000327471591839
sup,0.00966041195926
ang,0.0290467301962
sby,3.27471591839e-05
leg,0.00501031535514
men,0.0273111307594
les,0.0248223466614
pio,0.002849002849
mer,0.00956217048171
ggn,0.0
ozy,6.54943183679e-05
fum,0.00091692045715
rdr,0.000687690342863
bos,0.000196482955104
nme,9.82414775518e-05
boo,0.00848151422864
deg,3.27471591839e-05
akd,0.0
apy,0.0
lmo,0.00671316763271
wit,0.103906736091
mun,0.000360218751023
apa,0.0016373579592
dcu,0.0
lms,0.0
ayf,0.0
cho,0.0154566591348
msl,6.54943183679e-05
asl,0.0142777614042
sps,0.000229230114288
oon,0.00491207387759
nks,0.00540328126535
oor,0.0175852244818
arg,0.0143105085634
obi,0.000130988636736
cat,0.00717162786128
avo,0.00419163637554
erc,0.00887448013885
ymn,0.0
ule,0.00196482955104
xci,0.0026525198939
uav,0.000130988636736
spo,0.00838327275109
uab,0.00016373579592
kyp,3.27471591839e-05
sit,0.0146379801552
hom,0.0053050397878
eno,0.00844876706946
oyl,0.0026525198939
tes,0.00913645741232
dwe,0.000327471591839
ovi,0.00425713069391
sil,0.0112650227593
sne,0.002849002849
lac,0.0219733438124
mab,9.82414775518e-05
law,0.00559976422045
man,0.0245276222288
ghs,0.000130988636736
fee,0.017454235845
ida,0.00176834659593
iti,0.00812129547762
dek,0.0
own,0.0474506336575
imb,0.00501031535514
jim,0.0
imn,6.54943183679e-05
fie,0.00537053410617
eur,0.00232504830206
noo,0.00104790909389
noc,0.00461734944494
cet,6.54943183679e-05
das,0.00144087500409
now,0.0456495399024
nfl,0.000360218751023
ync,0.000261977273472
kfu,6.54943183679e-05
ifo,0.000130988636736
dig,0.00232504830206
lfr,6.54943183679e-05
gon,0.0165373153879
req,0.000589448865311
gob,0.00324196875921
ajo,6.54943183679e-05
gov,0.00016373579592
ast,0.0442086648983
ixa,0.0
oru,3.27471591839e-05
ect,0.0207944460818
ori,0.00537053410617
syl,6.54943183679e-05
ntf,0.00016373579592
ate,0.0348429773717
ati,0.021711366539
ish,0.016733798343
oni,0.00288175000819
kja,0.0
one,0.122474375348
toi,0.000491207387759
onq,9.82414775518e-05
oit,3.27471591839e-05
yin,0.0322559517962
jea,0.000392965910207
ycl,0.000229230114288
toe,0.000884173297966
rmy,0.000229230114288
huc,0.000818678979599
lou,0.00962766480008
ogr,0.0026525198939
nco,0.00150636932246
odw,9.82414775518e-05
lug,0.000982414775518
dth,0.000130988636736
bea,0.0120509545797
ybo,0.00150636932246
fma,3.27471591839e-05
kne,0.013524576743
sal,0.00147362216328
adq,0.0
nui,0.000392965910207
ank,0.0107410682123
ipi,0.00108065625307
sat,0.00920195173069
lig,0.0137538068573
min,0.0383141762452
zoo,0.00157186364083
owb,0.000130988636736
tyk,0.0
ust,0.045584045584
awp,0.0
bso,0.000294724432655
kat,0.000654943183679
jum,0.00330746307758
tys,3.27471591839e-05
tse,0.00111340341225
ckf,6.54943183679e-05
urc,0.000851426138782
axy,6.54943183679e-05
ckj,0.0
mro,0.000261977273472
axe,0.000130988636736
yli,0.000130988636736
ndf,0.000753184661231
ugh,0.082064380915
xis,0.000229230114288
sto,0.0330091364574
abs,0.000982414775518
ief,0.0018338409143
his,0.242623702394
tbr,0.0
dys,0.000392965910207
ged,0.0148999574287
hik,0.00016373579592
aer,0.0
shw,0.0
cra,0.011035792645
sho,0.0351704489636
set,0.00962766480008
ebo,0.00320922160003
jos,0.000130988636736
rme,0.00294724432655
ede,0.00304548580411
sel,0.0235779546124
woz,0.0
irs,0.0167665455022
muz,0.0
won,0.00563251137964
yti,3.27471591839e-05
cru,0.00271801421227
wob,0.00016373579592
wts,0.000589448865311
ikt,0.00117889773062
sts,0.00222680682451
idy,0.000327471591839
omp,0.00969315911845
tuc,0.00196482955104
kep,0.00586174149393
uty,0.000327471591839
etu,0.0081540426368
chc,0.000425713069391
coz,6.54943183679e-05
ili,0.00966041195926
eta,0.00147362216328
cof,0.000130988636736
unk,0.00501031535514
rpr,0.00229230114288
pom,0.0024560369388
bbl,0.00291449716737
xas,0.000130988636736
yar,0.000392965910207
ade,0.0194190653961
bmi,0.000196482955104
tsy,3.27471591839e-05
otc,0.000196482955104
gal,0.00988964207355
opk,0.0
rai,0.0216458722206
eiz,0.00379867046534
adi,0.00641844320005
yst,0.00176834659593
uxu,3.27471591839e-05
voc,6.54943183679e-05
rim,0.00206307102859
jok,0.000753184661231
gni,0.00278350853063
iro,0.000196482955104
ria,0.00324196875921
ewh,0.00137538068573
paw,0.000589448865311
ewd,9.82414775518e-05
pac,0.00487932671841
oil,0.00180109375512
dge,0.0144742443593
nia,0.00425713069391
kit,0.00173559943675
igt,3.27471591839e-05
rwo,6.54943183679e-05
ofi,6.54943183679e-05
thl,0.000982414775518
epe,0.00291449716737
yen,0.0
via,0.000130988636736
lik,0.0366440711268
hak,0.0044863608082
elm,0.00016373579592
hag,0.0197465369879
ely,0.021547630743
wet,0.000720437502047
has,0.0121491960572
rgo,0.00271801421227
rnh,0.0
ops,0.00196482955104
mop,0.000523954546943
psy,0.0
mol,0.000622196024495
amr,0.000196482955104
lci,3.27471591839e-05
eez,0.00216131250614
een,0.0641516848413
wba,0.000130988636736
eeb,0.000425713069391
olk,0.000261977273472
elu,0.000294724432655
vsk,0.0
iod,6.54943183679e-05
fow,3.27471591839e-05
umr,3.27471591839e-05
pes,0.00248878409798
uns,0.00153911648165
peg,0.0
ict,0.00451910796738
rum,0.00710613354292
dca,0.0
twa,6.54943183679e-05
ufs,3.27471591839e-05
nmi,0.000392965910207
sre,6.54943183679e-05
acl,0.00111340341225
yle,0.00268526705308
odc,0.0
lwa,0.00563251137964
ndr,0.00546877558372
kre,0.000949667616334
ppl,0.00248878409798
sob,0.00127713920817
nsc,0.000556701706127
son,0.011396011396
xyg,0.0
fei,6.54943183679e-05
mbs,0.000458460228575
vai,0.000130988636736
xpl,0.0034711988735
loi,0.000130988636736
gid,0.000261977273472
gra,0.0121819432164
hec,0.00294724432655
sfa,0.000229230114288
wap,0.000294724432655
buy,0.0018338409143
bsc,0.000229230114288
eab,0.000360218751023
wnm,0.0
wny,0.000130988636736
uta,0.00016373579592
azo,3.27471591839e-05
dom,0.00016373579592
dmo,0.000196482955104
cit,0.00294724432655
mta,0.00199757671022
tac,0.00720437502047
lys,0.0
myr,0.00127713920817
ino,0.000818678979599
uiv,0.000687690342863
inc,0.0120837017389
ymb,6.54943183679e-05
oad,0.00350394603268
nai,0.000622196024495
nau,0.0
lga,0.00121164488981
igl,6.54943183679e-05
utm,0.000130988636736
rqu,0.000130988636736
ile,0.0210236761961
hwe,0.0
sbe,0.000294724432655
ubc,3.27471591839e-05
bco,0.0
icl,0.000687690342863
vow,0.0
afo,0.0
dou,0.00327471591839
pto,0.000327471591839
kwa,0.00193208239185
tzi,3.27471591839e-05
rhi,0.0
iam,3.27471591839e-05
feb,0.00016373579592
yea,0.00831777843272
rev,0.00458460228575
cag,0.00104790909389
sca,0.011756230147
aqu,9.82414775518e-05
aym,0.0
ffo,0.00117889773062
fab,0.000130988636736
wsi,9.82414775518e-05
nle,0.00219405966532
gwi,0.000589448865311
scu,0.00307823296329
owi,0.0100206307103
dju,0.0
ndy,0.00108065625307
fir,0.019222582441
lit,0.0204997216491
uey,0.0
ime,0.0215803779022
hru,0.000851426138782
hil,0.0100206307103
dds,3.27471591839e-05
sky,0.00140812784491
tbu,0.0
ngt,0.00114615057144
nly,0.0289484887186
hri,0.00523954546943
xit,3.27471591839e-05
ven,0.0290467301962
efl,0.00134263352654
tax,0.000130988636736
oac,0.00186658807348
hat,0.154173625438
woi,0.0
ges,0.00720437502047
cic,0.0
oug,0.0722074860006
lre,0.00474833808167
osy,9.82414775518e-05
oky,0.00016373579592
rhe,0.000785931820415
pni,0.0
fav,0.0016373579592
eya,3.27471591839e-05
dyl,0.000425713069391
ubl,0.00442086648983
sac,0.000818678979599
utr,0.00016373579592
ces,0.00654943183679
idj,0.0
sse,0.0164718210695
ema,0.00360218751023
amu,0.00216131250614
dil,0.000884173297966
rpa,9.82414775518e-05
ofn,0.0
awc,3.27471591839e-05
mma,0.000785931820415
thw,6.54943183679e-05
tra,0.0346464944166
lix,0.000130988636736
tex,3.27471591839e-05
reb,0.00206307102859
upb,0.00111340341225
vir,3.27471591839e-05
chp,0.0
oke,0.0470904149065
fhe,9.82414775518e-05
ksa,0.0
bab,0.00261977273472
nan,0.000589448865311
alf,0.0178799489144
dit,0.00772832956741
emy,0.00016373579592
urp,0.00373317614697
ois,0.00465009660412
pul,0.0134590824246
int,0.0795101024986
tel,0.0232177358614
tfi,0.0
nhi,6.54943183679e-05
uee,0.000949667616334
hyl,0.0
oll,0.0168975341389
icc,0.000130988636736
bte,0.000622196024495
uco,6.54943183679e-05
sku,0.000425713069391
hts,0.00186658807348
rtm,0.0020303238694
ous,0.032583423388
ufl,0.0
odd,0.00507580967351
hnu,3.27471591839e-05
hit,0.00805580115925
sug,0.00160461080001
cak,0.000720437502047
amy,0.000229230114288
bly,0.00576350001637
wou,0.0264924517798
onv,0.00219405966532
eco,0.0124439204899
irt,0.00389691194289
llw,3.27471591839e-05
orf,0.0
smo,0.00229230114288
rle,0.00383141762452
uma,0.00121164488981
ndm,0.000229230114288
soe,0.000196482955104
eso,0.000491207387759
eei,0.00173559943675
nnk,3.27471591839e-05
igs,0.000294724432655
bla,0.017617971641
bst,0.000753184661231
otp,0.0
mee,0.00307823296329
lob,0.000294724432655
awo,0.000523954546943
mmy,0.00016373579592
dby,0.0
rub,0.00248878409798
npa,3.27471591839e-05
rro,0.00785931820415
orr,0.0134590824246
gge,0.00605822444903
ber,0.0194518125553
rly,0.0132298523103
fez,0.0
put,0.0131316108328
hal,0.0151946818613
uft,0.000196482955104
box,0.00176834659593
qua,0.00471559092249
unt,0.0221043324492
aks,0.000589448865311
fle,0.0115924943511
sig,0.0081540426368
bot,0.0134263352654
sys,0.0
ilv,0.00458460228575
wag,0.000458460228575
wki,0.0
iso,0.00147362216328
dve,0.000294724432655
coi,0.000458460228575
let,0.0237089432492
dre,0.0129351278777
jot,0.0
tne,0.00104790909389
byr,0.0
nsh,0.000622196024495
arp,0.0020303238694
onn,0.00114615057144
rbs,9.82414775518e-05
lup,0.006942397747
ecs,6.54943183679e-05
hex,0.000491207387759
hve,0.0
dpo,0.0
onz,0.000229230114288
plo,0.00193208239185
wis,0.0065166846776
url,0.00186658807348
wnf,9.82414775518e-05
nsp,0.000622196024495
ses,0.00805580115925
zar,0.013884795494
nhe,0.000229230114288
yie,6.54943183679e-05
het,0.00458460228575
jan,9.82414775518e-05
van,0.00409339489799
bef,0.0153584176573
tor,0.0158168778858
tud,0.00740085797557
nop,9.82414775518e-05
lon,0.0247895995022
rcl,0.00117889773062
riv,0.00772832956741
gic,0.0118872187838
ofb,3.27471591839e-05
hel,0.0131971051511
ton,0.0102826079838
fta,3.27471591839e-05
swu,0.00153911648165
fno,0.0
rsl,0.00471559092249
oth,0.0438156989881
ogy,0.000654943183679
eoc,3.27471591839e-05
gaw,6.54943183679e-05
lfi,0.000458460228575
utf,0.0
nct,0.00134263352654
jol,0.000261977273472
ioc,0.000360218751023
wnr,0.000130988636736
hup,0.0
dob,0.00589448865311
tba,6.54943183679e-05
rst,0.0189278580083
ggi,0.00261977273472
pel,0.00540328126535
oga,0.000425713069391
elb,0.000523954546943
etf,0.000196482955104
ert,0.00821953695517
rav,0.00481383240004
buf,6.54943183679e-05
fur,0.00445361364902
moc,9.82414775518e-05
dep,0.00235779546124
cio,0.00219405966532
sth,0.0
jur,0.00186658807348
fev,9.82414775518e-05
fli,0.00605822444903
iss,0.00893997445722
del,0.00409339489799
emu,0.000294724432655
erl,0.00219405966532
inh,0.000360218751023
arh,0.00016373579592
tni,0.000556701706127
nir,3.27471591839e-05
tat,0.00445361364902
dad,0.00229230114288
rab,0.00730261649802
ndu,0.000622196024495
itf,0.0
eue,6.54943183679e-05
vol,0.00785931820415
wdl,0.0
wke,0.000753184661231
ant,0.0415561450044
nuf,0.000229230114288
nur,0.000360218751023
ddo,0.000458460228575
lbe,6.54943183679e-05
ium,0.00121164488981
tal,0.017978190392
rno,0.00690965058781
kyw,3.27471591839e-05
nns,0.000556701706127
dho,3.27471591839e-05
dri,0.0105445852572
end,0.0259030029145
ako,0.000294724432655
uln,3.27471591839e-05
raz,0.000425713069391
anx,0.00117889773062
tip,0.00189933523267
ntm,0.000589448865311
osu,0.000229230114288
igg,0.0044863608082
hul,0.0
enp,3.27471591839e-05
pad,0.000818678979599
unl,0.00307823296329
ehr,0.0
tid,0.000753184661231
rda,0.00137538068573
rfo,0.00114615057144
amm,0.00252153125716
yme,0.0
ubt,0.00196482955104
nab,0.00124439204899
pho,0.00288175000819
xat,0.0
biz,0.000229230114288
may,0.00330746307758
mow,3.27471591839e-05
osa,0.000360218751023
ooi,0.0
nif,0.00252153125716
ooe,6.54943183679e-05
ctl,0.00543602842453
tet,0.000261977273472
leh,6.54943183679e-05
bsh,0.0
oca,0.00016373579592
uyi,0.000360218751023
goi,0.0210564233553
lfe,0.000130988636736
lap,0.00334021023676
esw,0.0
ago,0.00461734944494
cyc,0.000229230114288
cka,0.00091692045715
ilb,0.0
uss,0.00147362216328
ccu,0.00130988636736
cky,0.00160461080001
ewo,0.00235779546124
hfu,0.000982414775518
jab,0.000327471591839
lpo,3.27471591839e-05
nef,6.54943183679e-05
uai,3.27471591839e-05
cci,0.0010151619347
dja,0.0
hfa,0.0
mpr,0.00258702557553
rjo,0.0
egg,0.00281625568982
scl,0.000294724432655
ncy,0.000818678979599
dbl,0.000294724432655
evy,0.0
iva,0.00268526705308
roa,0.00828503127354
gha,0.0
ost,0.0229885057471
nca,0.000261977273472
bes,0.0120509545797
ffn,3.27471591839e-05
aud,0.000884173297966
max,0.00173559943675
nwa,0.000261977273472
bll,0.0
rsu,0.00137538068573
llb,0.000229230114288
wot,0.0
wun,0.00147362216328
caf,0.0
owh,0.000360218751023
cib,9.82414775518e-05
jig,3.27471591839e-05
ewn,0.000130988636736
xtr,0.00491207387759
cen,0.00638569604087
tma,0.00235779546124
oly,0.000687690342863
elc,0.000982414775518
cla,0.0130333693552
opa,0.000130988636736
oxi,3.27471591839e-05
ebi,3.27471591839e-05
imp,0.0104790909389
iep,0.0
iel,0.0026525198939
lso,0.00255427841635
lya,3.27471591839e-05
cun,0.000130988636736
sop,9.82414775518e-05
jac,0.000360218751023
yfa,0.0
wst,0.0
ser,0.00939843468579
ger,0.0172905000491
kab,0.00229230114288
tiq,0.0
noi,0.00317647444084
upo,0.00533778694698
mpo,0.00268526705308
mov,0.0108720568491
aho,3.27471591839e-05
yal,0.000294724432655
yfu,3.27471591839e-05
aml,0.000130988636736
fwa,0.00150636932246
apk,3.27471591839e-05
mps,0.00193208239185
gro,0.0107738153715
fac,0.0193863182369
oir,3.27471591839e-05
foe,0.0
him,0.0680485967842
ogl,3.27471591839e-05
fus,0.00193208239185
oev,0.000818678979599
dim,0.000949667616334
vis,0.0083505255919
gbo,0.000556701706127
rsa,0.000982414775518
dia,0.00363493466942
eap,0.00330746307758
rys,0.00222680682451
sab,0.00016373579592
ife,0.00343845171431
beg,0.00723712217965
yul,0.000261977273472
bac,0.0433572387595
myt,0.0
eet,0.0163080852736
upw,0.000622196024495
ubu,3.27471591839e-05
pow,0.00396240626126
ifi,0.00324196875921
lei,0.0
edw,0.00193208239185
ola,0.00212856534696
siz,0.00186658807348
ezy,0.000229230114288
aza,0.000294724432655
pum,0.00140812784491
tey,0.0
htn,0.000589448865311
heu,3.27471591839e-05
nus,0.00153911648165
faw,0.000884173297966
sti,0.0380194518126
ohe,0.0
pme,9.82414775518e-05
alg,9.82414775518e-05
our,0.0530176507188
pea,0.0124439204899
ode,0.0055015227429
iry,0.00091692045715
skl,9.82414775518e-05
ncu,9.82414775518e-05
kpa,3.27471591839e-05
zig,0.000130988636736
ddr,0.000556701706127
rew,0.0111012869634
mne,6.54943183679e-05
mud,0.00117889773062
abi,0.00216131250614
rtl,0.00314372728166
abu,0.000229230114288
ruc,0.0016373579592
wfo,0.0
aja,0.000458460228575
acr,0.00848151422864
ftl,0.000589448865311
ulo,0.000720437502047
vom,3.27471591839e-05
med,0.0246586108655
rcy,0.00586174149393
jou,0.000622196024495
vew,0.0
rgy,6.54943183679e-05
rld,0.00327471591839
hay,9.82414775518e-05
ors,0.013000622196
adc,0.0
meh,0.00091692045715
ilw,0.0
ecr,0.0024560369388
ndl,0.00402790057962
sod,0.00016373579592
ntl,0.00776107672659
erm,0.0468939319514
ivy,6.54943183679e-05
org,0.011396011396
win,0.0271146478043
tue,0.000654943183679
yzi,0.0
ham,0.00753184661231
cop,0.00225955398369
wen,0.0143760028818
gta,3.27471591839e-05
unu,0.000720437502047
mob,6.54943183679e-05
ion,0.0830467956905
isr,0.000196482955104
tdr,0.0
mni,0.000327471591839
bou,0.0393948324983
gno,0.00258702557553
tau,0.0010151619347
una,0.0018338409143
evu,0.0
atc,0.0204997216491
akn,6.54943183679e-05
dua,0.000196482955104
boa,0.00324196875921
zka,0.00144087500409
ffb,3.27471591839e-05
wle,0.00396240626126
skt,0.0
ste,0.0348757245309
nsi,0.0125094148083
ono,0.00130988636736
ead,0.0495464518453
rms,0.00586174149393
ebe,6.54943183679e-05
mbe,0.0153256704981
uby,0.0
idw,3.27471591839e-05
nse,0.00582899433474
loo,0.0834397616007
ppr,0.00311098012247
pok,0.00373317614697
ckt,0.000196482955104
lma,3.27471591839e-05
wns,0.00111340341225
igr,0.00176834659593
tso,0.000196482955104
iat,0.00229230114288
rki,0.00445361364902
ana,0.00461734944494
tem,0.00383141762452
ial,0.00291449716737
agn,0.00104790909389
vig,0.000130988636736
fec,0.0036676818286
ngu,0.00199757671022
rik,9.82414775518e-05
waf,0.000360218751023
suf,0.000753184661231
ctu,0.00392965910207
ldv,0.0
eyl,6.54943183679e-05
usn,6.54943183679e-05
laq,3.27471591839e-05
few,0.00871074434293
syr,0.0
nga,0.000491207387759
ayl,0.000130988636736
too,0.0311098012247
ued,0.00268526705308
fug,6.54943183679e-05
hem,0.0401152700003
ugn,0.0
rca,0.00225955398369
gav,0.00825228411435
rge,0.0236107017716
ood,0.0367423126044
shy,0.00091692045715
ayt,0.0
jug,0.000261977273472
big,0.00330746307758
boy,0.00628745456332
hum,0.00222680682451
xmi,0.0
ote,0.00615646592658
anu,0.000196482955104
tay,0.00438811933065
che,0.0424075711432
jus,0.0308805711105
ouf,3.27471591839e-05
rpl,0.00193208239185
udg,0.00825228411435
ooh,0.0
clu,0.00602547728985
hme,0.00229230114288
ozo,0.0
loc,0.00949667616334
yju,0.000654943183679
ilc,0.00334021023676
lfh,3.27471591839e-05
eru,0.00121164488981
dae,3.27471591839e-05
sly,0.014245014245
sef,0.000720437502047
uls,0.000687690342863
gli,0.00782657104496
unm,0.000458460228575
ery,0.0586174149393
ngy,0.00016373579592
ivu,0.0
uts,0.00582899433474
npl,0.00117889773062
doc,0.000589448865311
dem,0.0109048040083
mlo,0.0
eju,6.54943183679e-05
aid,0.173920162426
tos,0.000261977273472
sla,0.00248878409798
ini,0.0180436847104
spy,0.000458460228575
iil,6.54943183679e-05
rac,0.0102826079838
cin,0.00920195173069
inu,0.00704063922455
ubm,0.000229230114288
rke,0.00474833808167
uil,0.00294724432655
oti,0.0106428267348
gle,0.0128041392409
bys,6.54943183679e-05
raw,0.00412614205718
avi,0.0102826079838
tam,0.000949667616334
ari,0.0207616989226
spa,0.00386416478371
rbr,0.0
uad,0.00104790909389
lui,0.0
she,0.0659527785965
zis,0.000130988636736
hog,0.00956217048171
olm,6.54943183679e-05
wir,0.00124439204899
ciz,0.000229230114288
ene,0.019222582441
wbo,3.27471591839e-05
pay,0.00134263352654
kan,0.0
hok,0.000622196024495
rwe,0.000196482955104
any,0.0328454006615
liu,0.00091692045715
kro,6.54943183679e-05
hey,0.0854373383109
sif,3.27471591839e-05
ltz,6.54943183679e-05
nki,0.00595998297148
nug,0.0
tie,0.00465009660412
web,0.000229230114288
yor,9.82414775518e-05
urq,0.000130988636736
riw,0.00232504830206
hwo,0.000130988636736
leu,0.00216131250614
onw,6.54943183679e-05
lai,0.00478108524086
diu,0.000687690342863
nac,0.000720437502047
odi,0.00153911648165
bsu,3.27471591839e-05
aip,0.0
nig,0.00746635229394
dai,0.0026525198939
awn,0.00438811933065
hau,0.00127713920817
mad,0.0233814716573
wdy,0.0
spu,0.00111340341225
nis,0.0129678750368
wli,0.00167010511838
awb,6.54943183679e-05
lia,0.00235779546124
kno,0.0307495824737
yri,6.54943183679e-05
rec,0.0116579886695
eah,0.000360218751023
hia,0.0
urm,0.00212856534696
iit,3.27471591839e-05
ira,0.00134263352654
eon,0.00841601991027
neg,9.82414775518e-05
ndt,0.0
epo,0.00140812784491
e/r,0.0
tco,6.54943183679e-05
fis,0.00157186364083
izi,0.00134263352654
ovo,9.82414775518e-05
ctm,0.0
cer,0.0042898778531
beh,0.0157513835675
sco,0.00343845171431
nbu,0.0
gai,0.0144087500409
ffy,0.000589448865311
dst,0.000523954546943
ald,0.00121164488981
lly,0.0262959688247
pta,0.000392965910207
ldu,6.54943183679e-05
msi,0.0
tti,0.0223663097226
haz,0.00016373579592
nal,0.00684415626944
rts,0.0125749091266
lla,0.00320922160003
moa,0.00170285227756
tte,0.0464027245636
uys,0.0
edt,6.54943183679e-05
cuu,6.54943183679e-05
usq,3.27471591839e-05
onl,0.0191898352818
aug,0.00988964207355
ghb,0.00016373579592
occ,0.00150636932246
blo,0.00690965058781
gme,0.000130988636736
mek,0.000261977273472
xte,0.000622196024495
dyn,0.0
hin,0.114811540099
zip,0.0
ptu,0.000851426138782
isq,3.27471591839e-05
apd,0.000360218751023
vel,0.00540328126535
rnu,0.0
pot,0.0151619347022
hav,0.0553426990209
nzy,0.0
cem,0.000327471591839
wok,0.00216131250614
amo,0.00392965910207
vvi,3.27471591839e-05
mpl,0.00753184661231
ucy,0.0
eis,0.000196482955104
mou,0.011756230147
nve,0.00232504830206
llu,0.000720437502047
iky,0.0
gei,0.000196482955104
ngb,0.000589448865311
yca,3.27471591839e-05
nor,0.0111667812817
ige,0.000130988636736
din,0.0423093296657
bbi,0.00334021023676
den,0.0293087074696
rfu,0.00288175000819
gui,0.0020303238694
dib,0.000294724432655
ywe,6.54943183679e-05
rob,0.00851426138782
val,0.00153911648165
sma,0.0079575596817
eek,0.0044863608082
utd,6.54943183679e-05
rto,0.000360218751023
cok,0.0
div,0.00248878409798
otr,0.000360218751023
der,0.0399842813636
evv,6.54943183679e-05
liv,0.00753184661231
orp,0.000425713069391
dbo,9.82414775518e-05
rmp,3.27471591839e-05
sgo,0.0
ten,0.0282280512166
sue,0.000425713069391
iwi,0.0024560369388
htm,0.000229230114288
uou,0.000392965910207
arj,0.0
pun,0.00212856534696
rra,0.00108065625307
irv,3.27471591839e-05
see,0.0526246848086
hpi,3.27471591839e-05
cim,6.54943183679e-05
nju,0.00189933523267
ypt,0.000196482955104
rru,0.000589448865311
dub,6.54943183679e-05
dha,6.54943183679e-05
bvi,0.00176834659593
tev,0.00121164488981
lur,0.00235779546124
jov,3.27471591839e-05
for,0.117398565674
ica,0.0102171136654
han,0.0533123751515
iff,0.00769558240823
ret,0.0142777614042
mug,0.00622196024495
ivv,3.27471591839e-05
ugu,3.27471591839e-05
nex,0.0129351278777
esy,0.0
irb,3.27471591839e-05
omi,0.0087762386613
gos,0.000130988636736
pyr,0.0
nip,0.000196482955104
plu,0.00153911648165
sko,0.0
hda,0.00134263352654
ggs,0.000687690342863
esm,0.0
meg,3.27471591839e-05
boz,0.0
nts,0.0176834659593
seq,0.000130988636736
vet,0.00196482955104
ply,0.00324196875921
mmo,0.00573075285719
tsl,0.0
kwo,6.54943183679e-05
pub,0.000589448865311
nto,0.0643809149556
vul,0.000196482955104
ord,0.0144414972001
enf,9.82414775518e-05
upt,0.00196482955104
tuf,0.00360218751023
fto,9.82414775518e-05
quo,0.000294724432655
cos,0.000294724432655
lol,0.00016373579592
swo,0.00252153125716
ace,0.0253790483676
odf,0.000130988636736
uxh,3.27471591839e-05
zap,0.0
eke,0.00229230114288
osc,0.000327471591839
job,0.00150636932246
bov,0.00304548580411
nfi,0.000982414775518
ism,0.000392965910207
att,0.0162098437961
ims,0.011756230147
udd,0.0118544716246
ywi,6.54943183679e-05
lte,0.00189933523267
cia,0.00297999148574
phu,0.0
bob,0.000392965910207
ies,0.00690965058781
unn,0.00753184661231
peb,0.0
key,0.00170285227756
ktr,0.0
rsb,3.27471591839e-05
ase,0.0102498608246
ppe,0.0376592330615
bed,0.0116252415103
tav,0.0
bru,0.00160461080001
arr,0.187182761895
nsf,0.00180109375512
xur,3.27471591839e-05
aph,0.00111340341225
otf,3.27471591839e-05
iac,0.0
bri,0.00753184661231
afr,0.00134263352654
edh,3.27471591839e-05
ffa,0.000229230114288
ayw,6.54943183679e-05
jup,0.0
stf,0.00016373579592
ont,0.028129809739
\wh,3.27471591839e-05
hev,0.000130988636736
eag,0.000982414775518
rve,0.00396240626126
fre,0.0146379801552
sie,0.000753184661231
idt,0.0
top,0.0171922585716
uke,0.000523954546943
ull,0.0245931165471
aus,0.0148344631103
eyo,0.00150636932246
olb,0.0
wim,0.000654943183679
chr,0.0020303238694
sog,6.54943183679e-05
kie,0.000130988636736
way,0.0321904574778
rbe,0.00180109375512
hen,0.059108622327
rit,0.0112977699185
vat,0.00255427841635
rmh,0.0
ckw,0.00144087500409
vid,0.00239054262043
chf,9.82414775518e-05
hib,6.54943183679e-05
gia,0.00242328977961
jud,0.00150636932246
wea,0.0217441136981
asy,0.00137538068573
hun,0.00857975570619
xti,0.000196482955104
agm,0.00471559092249
ook,0.0991256508498
urn,0.0299636506533
wnp,0.0
nfe,0.000425713069391
hur,0.010511838098
gmi,6.54943183679e-05
oey,0.0
eas,0.0295051904247
gau,0.000360218751023
ern,0.011756230147
bud,6.54943183679e-05
dle,0.0161443494777
acq,6.54943183679e-05
erv,0.00658217899597
anb,0.0
bid,0.0016373579592
ndo,0.0157841307267
wfl,0.0
ulp,0.000785931820415
kos,0.000261977273472
uak,0.0
ais,0.00615646592658
dsh,0.000392965910207
mth,0.00016373579592
tol,0.0167992926614
xpa,9.82414775518e-05
nze,0.000589448865311
ozl,0.0
lhi,3.27471591839e-05
aig,0.00497756819596
inj,0.000491207387759
lty,0.00121164488981
zze,0.000196482955104
uic,0.00625470740413
cum,0.000196482955104
anv,6.54943183679e-05
upl,0.00150636932246
nni,0.00684415626944
ilt,0.00186658807348
pro,0.0495137046861
ows,0.00687690342863
eak,0.0172905000491
xcl,9.82414775518e-05
efr,0.000294724432655
abj,0.0
rat,0.0169302812981
wum,3.27471591839e-05
exh,0.000261977273472
vor,0.00239054262043
pen,0.0232177358614
kee,0.0131643579919
tpa,0.0
spb,0.0
ipl,6.54943183679e-05
tan,0.0189606051675
uag,0.00016373579592
hod,0.000294724432655
tst,0.00176834659593
hiv,0.000982414775518
lib,0.00170285227756
mic,0.000229230114288
fet,0.000884173297966
unb,0.000523954546943
tir,0.00278350853063
itd,0.0
enr,6.54943183679e-05
cqu,6.54943183679e-05
sei,0.00379867046534
oyi,0.00108065625307
tif,0.00212856534696
ibb,0.000982414775518
nra,0.00016373579592
liz,0.00419163637554
ike,0.0369060484003
ewy,3.27471591839e-05
npo,0.000130988636736
urr,0.0102498608246
oue,0.000261977273472
igi,0.000392965910207
nud,0.000458460228575
inv,0.00510855683269
esu,0.000949667616334
nid,6.54943183679e-05
rpo,0.000294724432655
bts,6.54943183679e-05
phy,0.000523954546943
gnl,0.0
fat,0.00740085797557
mag,0.0159478665226
rex,0.000130988636736
kay,0.000327471591839
nby,3.27471591839e-05
von,3.27471591839e-05
tli,0.00337295739595
lar,0.0183056619838
rfa,0.00091692045715
lev,0.00288175000819
ldi,0.00527229262861
wks,0.0
mus,0.0116907358287
hle,0.000687690342863
awa,0.0114615057144
lpa,3.27471591839e-05
thu,0.00360218751023
nba,0.0
rny,6.54943183679e-05
aga,0.0219733438124
sui,0.00127713920817
sdr,0.0
egi,0.00121164488981
epl,0.00268526705308
ndw,0.000130988636736
thi,0.116121426466
fud,0.00379867046534
agu,0.000753184661231
nvi,0.00501031535514
ned,0.0535416052657
ege,0.000589448865311
ldh,3.27471591839e-05
ptl,0.000523954546943
oup,0.00271801421227
tis,0.000785931820415
ugl,0.000884173297966
reu,6.54943183679e-05
yeb,0.000523954546943
ens,0.00851426138782
evo,0.00127713920817
mfo,0.000753184661231
ier,0.00438811933065
ssf,9.82414775518e-05
uct,0.00124439204899
est,0.0317319972492
ity,0.00605822444903
sgr,0.000294724432655
pki,0.00134263352654
sju,0.0
knu,0.000327471591839
kof,3.27471591839e-05
rdb,0.0
clo,0.0164063267512
lke,0.00769558240823
hao,0.0
onm,6.54943183679e-05
gto,0.000130988636736
zai,0.0
lge,3.27471591839e-05
aur,0.000556701706127
cne,0.0
ien,0.00684415626944
aly,0.000360218751023
lky,0.00016373579592
lgi,0.000523954546943
vem,0.00124439204899
lpl,6.54943183679e-05
tge,0.0
haw,0.000261977273472
usp,0.0020303238694
roc,0.00255427841635
inw,3.27471591839e-05
nam,0.00707338638373
rnl,0.00016373579592
bma,0.0
bie,0.000130988636736
kpo,6.54943183679e-05
mot,0.00422438353473
idu,6.54943183679e-05
hic,0.0215148835838
gna,0.000884173297966
cep,0.00451910796738
rtr,0.00225955398369
mst,0.00376592330615
llt,0.0
iol,0.000818678979599
rnt,0.000622196024495
rks,0.00225955398369
fea,0.0042898778531
dsi,0.000753184661231
dwi,0.00229230114288
vos,0.00016373579592
vvh,0.0
emb,0.00900546877558
upa,6.54943183679e-05
loy,0.000392965910207
cry,0.00167010511838
onu,0.000785931820415
ecl,0.000327471591839
dic,0.00170285227756
ony,0.000720437502047
lyc,0.0
ejo,0.000229230114288
cre,0.0139175426532
sor,0.0412614205718
wel,0.0087762386613
nos,0.00327471591839
ewt,0.00114615057144
dgi,0.00117889773062
ywh,0.00117889773062
wip,0.00193208239185
mch,0.000556701706127
eev,0.00320922160003
kdo,0.0
sep,0.000851426138782
htl,0.00622196024495
nsk,0.000196482955104
xac,0.0034711988735
olo,0.00271801421227
ofm,3.27471591839e-05
vam,0.000360218751023
aha,0.0
ezo,6.54943183679e-05
hoi,0.00153911648165
bei,0.00704063922455
atu,0.00573075285719
ots,0.00294724432655
rmi,0.0481710711596
anw,0.000130988636736
awl,0.00153911648165
tew,0.000425713069391
irw,0.0
seh,3.27471591839e-05
sud,0.00939843468579
ila,0.000261977273472
beq,0.0
mur,0.00261977273472
ipa,0.000261977273472
uot,0.000130988636736
ear,0.0821953695517
nee,0.0125421619674
fog,0.000622196024495
sfu,9.82414775518e-05
idi,0.00501031535514
yhe,9.82414775518e-05
wre,0.00137538068573
dag,0.000491207387759
muf,0.000753184661231
nqu,0.000491207387759
ypu,3.27471591839e-05
edu,0.0010151619347
umb,0.0244948750696
gat,0.00199757671022
duc,0.00225955398369
bui,0.000785931820415
irc,0.00425713069391
btr,0.0
ulm,3.27471591839e-05
gor,0.00212856534696
bye,6.54943183679e-05
mef,3.27471591839e-05
rea,0.0769885712414
hse,0.0
zie,0.0
hio,0.000523954546943
ntr,0.00818678979599
snu,0.000229230114288
ova,0.000327471591839
puc,9.82414775518e-05
ale,0.00507580967351
cut,0.00330746307758
ian,0.00527229262861
nma,9.82414775518e-05
usl,0.00671316763271
ore,0.065690801323
niq,0.0
tug,0.000523954546943
jam,0.00160461080001
dio,0.000229230114288
ero,0.00389691194289
ntn,9.82414775518e-05
ada,0.00952942332253
unw,0.000720437502047
gut,6.54943183679e-05
obe,0.0061237187674
mly,0.0010151619347
bow,0.00327471591839
ofa,6.54943183679e-05
tsm,0.0
diw,9.82414775518e-05
dke,0.000327471591839
isl,0.000720437502047
rco,0.000261977273472
boc,3.27471591839e-05
voo,0.0
ndn,3.27471591839e-05
ily,0.0123129318532
lom,0.0
ela,0.00474833808167
ars,0.0125421619674
lus,0.00144087500409
fii,0.000196482955104
sof,0.00147362216328
pou,0.00255427841635
npn,0.0
rtn,0.000491207387759
ipm,3.27471591839e-05
edi,0.00474833808167
jee,9.82414775518e-05
ude,0.00821953695517
api,0.00104790909389
gza,0.000130988636736
poi,0.0150964403838
wil,0.0214821364247
wri,0.00451910796738
btf,3.27471591839e-05
pec,0.00861250286538
ape,0.0213184006287
hew,0.000523954546943
rlf,3.27471591839e-05
twe,0.0083505255919
erw,0.000720437502047
wad,0.000392965910207
taw,0.000130988636736
ewl,0.000130988636736
axi,0.00196482955104
ayb,0.0018338409143
ubo,0.00016373579592
otg,3.27471591839e-05
ehe,0.00130988636736
cil,0.000196482955104
lic,0.00566525853882
wax,9.82414775518e-05
ckb,0.0018338409143
las,0.0282607983757
jow,3.27471591839e-05
ehi,0.0149654517471
iab,6.54943183679e-05
ixe,0.00219405966532
oof,0.000622196024495
sid,0.0266234404165
wne,0.0036676818286
uno,0.0
yla,0.0
cad,0.000392965910207
tom,0.00520679831025
pic,0.00779382388578
nyi,0.00016373579592
eaf,0.000851426138782
ete,0.0110030454858
yab,0.00016373579592
agl,0.000196482955104
nue,0.00199757671022
hus,0.00104790909389
xec,0.000360218751023
oud,0.0079575596817
teo,3.27471591839e-05
tmo,0.000392965910207
omt,0.0
bue,0.0
vie,0.00157186364083
vau,0.000687690342863
eir,0.0413596620493
/re,0.0
ute,0.00864525002456
heo,0.000327471591839
des,0.0083505255919
odg,0.00091692045715
geh,0.0
air,0.0241674034777
rfl,3.27471591839e-05
rau,0.000491207387759
deo,0.000130988636736
cto,0.00140812784491
xth,0.000425713069391
ney,0.00461734944494
kna,0.000130988636736
wfu,0.000327471591839
isp,0.00537053410617
chs,3.27471591839e-05
maf,0.0
anc,0.0173232472083
ety,0.000982414775518
wov,3.27471591839e-05
riu,0.00766283524904
cor,0.011035792645
uin,0.00294724432655
vey,0.00134263352654
fay,6.54943183679e-05
ink,0.0352686904411
tca,0.000229230114288
loa,0.00769558240823
uiz,6.54943183679e-05
oyt,3.27471591839e-05
bee,0.0438811933065
ray,0.0042898778531
cul,0.00658217899597
hoe,0.00278350853063
akl,0.0
sna,0.022431804041
eng,0.0024560369388
udy,0.00124439204899
amn,0.000229230114288
efs,0.0
who,0.0457805285391
gry,0.0121491960572
unc,0.0169957756165
uaf,0.000818678979599
peo,0.011756230147
ked,0.0781019746537
efo,0.0159478665226
wul,0.0
iin,0.0
rso,0.00337295739595
tig,0.00507580967351
ilu,0.0
hbr,6.54943183679e-05
igh,0.0697514490618
tke,0.000327471591839
fyi,9.82414775518e-05
cel,0.00242328977961
ata,0.000196482955104
uro,0.000360218751023
hwa,0.000261977273472
lak,0.00121164488981
fau,0.000294724432655
slo,0.00520679831025
maz,0.00091692045715
rua,0.00016373579592
nie,0.0020303238694
ffl,0.00474833808167
gru,0.00147362216328
ark,0.0222680682451
luk,0.0
sfi,0.00134263352654
ixi,0.000654943183679
ssr,0.00127713920817
uib,0.000130988636736
six,0.00271801421227
ggr,9.82414775518e-05
kid,0.00117889773062
ite,0.0223335625634
exe,0.00111340341225
sed,0.0362511052166
pag,0.00127713920817
epy,0.000261977273472
aan,3.27471591839e-05
yan,0.000261977273472
kgr,6.54943183679e-05
ryi,0.0158168778858
klo,9.82414775518e-05
ddl,0.00664767331434
sru,9.82414775518e-05
exi,0.000458460228575
gnm,0.0
ogn,0.00147362216328
rey,0.00239054262043
urs,0.0189933523267
vay,0.0
aty,0.000196482955104
oat,0.00412614205718
lew,0.00288175000819
epa,0.00363493466942
yei,0.000327471591839
rte,0.0154566591348
wca,0.00016373579592
sci,0.000949667616334
yrt,0.00127713920817
tts,0.00108065625307
eft,0.00972590627763
nun,0.0
alv,3.27471591839e-05
alb,0.00134263352654
osi,0.00523954546943
oki,0.0237089432492
tto,0.00229230114288
ckm,9.82414775518e-05
rop,0.00995513639192
iks,0.000327471591839
que,0.0065166846776
ose,0.0319612273635
oci,0.000523954546943
hov,0.00124439204899
odl,3.27471591839e-05
fiv,0.00373317614697
lru,0.0
xil,0.0
ngl,0.00776107672659
ssa,0.00294724432655
lel,0.00016373579592
elf,0.0184039034614
otl,6.54943183679e-05
wes,0.000392965910207
dba,0.000130988636736
sas,6.54943183679e-05
ess,0.0631037757475
bez,6.54943183679e-05
mey,0.0
sgu,0.000720437502047
xba,0.00147362216328
hre,0.0143760028818
goy,0.00261977273472
meu,3.27471591839e-05
fin,0.034188034188
rla,9.82414775518e-05
bin,0.00753184661231
dex,6.54943183679e-05
gew,0.000622196024495
esk,0.00180109375512
nod,0.00186658807348
rod,0.00399515342044
fty,0.00212856534696
mgo,0.0
ags,0.0010151619347
iii,0.0
oce,0.00160461080001
mok,0.000949667616334
umm,0.00334021023676
lfa,9.82414775518e-05
hid,0.00432262501228
owy,0.000949667616334
opl,0.0117234829879
ben,0.00628745456332
geo,0.00812129547762
wik,0.000327471591839
oas,0.000949667616334
tri,0.0173559943675
ruf,0.000654943183679
nar,0.00474833808167
ghl,0.0020303238694
wac,0.0
emm,3.27471591839e-05
ref,0.00671316763271
pet,0.0079575596817
eeq,3.27471591839e-05
vab,0.000229230114288
tdo,6.54943183679e-05
ban,0.00641844320005
rpe,0.00144087500409
upr,0.000458460228575
zen,0.00140812784491
ass,0.0226610341553
old,0.0507253495759
tre,0.0175197301634
uea,0.00248878409798
ebt,3.27471591839e-05
nli,0.00134263352654
lyl,6.54943183679e-05
sis,0.00255427841635
sec,0.0104790909389
aim,0.000851426138782
eum,0.0
ueu,0.00016373579592
kag,0.000884173297966
arl,0.015129187543
uxb,0.00147362216328
iai,0.0
hcr,0.000425713069391
cis,0.000785931820415
suc,0.00425713069391
goe,0.00091692045715
uck,0.00903821593477
abl,0.0199102727838
hpo,0.0
esg,0.0
lad,0.00379867046534
stt,0.0
bli,0.00690965058781
adv,0.00180109375512
nev,0.0232832301798
fub,3.27471591839e-05
lip,0.0053050397878
ird,0.00435537217146
apr,0.000130988636736
nty,0.00271801421227
jer,0.00140812784491
enh,0.000425713069391
mea,0.0083505255919
gsi,0.000425713069391
eye,0.0236107017716
tup,0.00173559943675
ntu,0.000392965910207
bur,0.00704063922455
nen,0.000392965910207
omo,0.000753184661231
pts,0.000229230114288
orn,0.0102171136654
dip,0.000491207387759
ind,0.0538690768576
tul,0.000229230114288
nta,0.00622196024495
ver,0.146641778826
inp,9.82414775518e-05
orb,0.00235779546124
fst,0.0
mnl,3.27471591839e-05
ask,0.0167665455022
lts,0.000458460228575
ubd,0.000229230114288
gwa,0.00772832956741
gio,3.27471591839e-05
viv,0.00127713920817
cht,9.82414775518e-05
ack,0.0697187019026
lvi,0.000294724432655
obb,0.00848151422864
cus,0.00379867046534
coa,0.000851426138782
fen,0.00314372728166
und,0.0782657104496
erp,0.00160461080001
usk,0.000130988636736
obv,0.00176834659593
gga,0.00121164488981
umu,0.00016373579592
com,0.0403772472738
ski,0.00520679831025
mbl,0.0239381733635
lyt,0.00615646592658
fib,3.27471591839e-05
eck,0.00893997445722
nha,0.000294724432655
owe,0.0212201591512
dud,0.00520679831025
bhe,3.27471591839e-05
mie,0.000229230114288
por,0.00969315911845
gec,0.0
rti,0.0109048040083
dat,0.000360218751023
lex,0.000425713069391
sou,0.00903821593477
rsp,0.000196482955104
tap,0.00225955398369
nst,0.0151946818613
dne,0.000654943183679
lor,0.00517405115106
art,0.0482693126371
lut,0.00478108524086
ayi,0.00726986933883
lve,0.0118544716246
swa,0.00258702557553
cgu,0.0
dni,0.000327471591839
isc,0.00255427841635
edn,0.00016373579592
weg,0.000130988636736
hed,0.0425385597799
ics,0.000425713069391
fer,0.00854700854701
nsl,9.82414775518e-05
tob,9.82414775518e-05
rch,0.00743360513475
woe,6.54943183679e-05
kew,0.00016373579592
hud,0.0020303238694
urd,0.0020303238694
rsh,0.000491207387759
iie,0.0
mcg,0.0081540426368
sag,0.00281625568982
nkl,0.00153911648165
atn,0.0
onb,0.0
nch,0.00861250286538
dup,9.82414775518e-05
anl,0.0
lil,0.000654943183679
ogi,0.000425713069391
gag,0.000720437502047
cou,0.042374823984
ott,0.0196810426695
rbo,0.000851426138782
ssy,0.000523954546943
tad,0.000753184661231
njo,0.00170285227756
keo,0.0
cig,0.0
cas,0.0109048040083
mwo,0.0
pid,0.00383141762452
pyt,0.0
det,0.00209581818777
omc,0.0
erd,0.000392965910207
nda,0.00180109375512
wsy,3.27471591839e-05
mmi,0.00206307102859
bdu,0.000229230114288
ulb,0.000130988636736
etr,0.00186658807348
rej,0.000360218751023
erh,0.00356944035105
hbe,3.27471591839e-05
pre,0.0193863182369
opt,3.27471591839e-05
uie,0.00275076137145
lax,0.000229230114288
aln,0.0
adn,6.54943183679e-05
ran,0.0261322330288
dva,0.000753184661231
pri,0.00890722729803
sph,0.000458460228575
pip,0.000654943183679
rar,0.00193208239185
ogu,0.000130988636736
ske,0.00982414775518
rif,0.0042898778531
eam,0.0157186364083
yee,0.0
pap,0.00189933523267
pdo,0.000327471591839
hob,9.82414775518e-05
fha,6.54943183679e-05
dfa,0.000294724432655
ryf,0.0102498608246
tov,3.27471591839e-05
oys,0.00176834659593
tgr,0.0
pup,0.000261977273472
til,0.0298981563349
ama,0.00186658807348
xcr,3.27471591839e-05
fte,0.0182074205063
ent,0.0935258866293
lof,9.82414775518e-05
eau,0.00212856534696
atr,0.00127713920817
kou,9.82414775518e-05
yss,0.0
tyl,3.27471591839e-05
ick,0.0300618921309
nin,0.0353996790778
imi,0.00111340341225
kis,0.000982414775518
gas,0.00170285227756
npi,3.27471591839e-05
sak,0.0
wig,0.00288175000819
ylv,3.27471591839e-05
niz,0.00170285227756
dor,0.0333366080493
itn,0.000327471591839
awk,0.00140812784491
tpo,0.0
mmu,0.000229230114288
hep,0.0
mai,0.00392965910207
naf,0.0
rdu,0.0
niv,0.000196482955104
ght,0.0890722729803
ssm,0.000261977273472
off,0.0320922160003
tbi,6.54943183679e-05
egs,0.00222680682451
bod,0.00772832956741
ths,0.00189933523267
nxe,6.54943183679e-05
blu,0.00546877558372
ego,0.000130988636736
cce,0.00153911648165
bun,0.00114615057144
nxi,0.00124439204899
mog,0.0
imu,0.0
yeh,0.00514130399188
aba,0.0020303238694
xem,6.54943183679e-05
sch,0.00821953695517
alo,0.00956217048171
ttr,0.000589448865311
yed,0.0042898778531
mid,0.00340570455513
arm,0.0127386449226
osh,0.000392965910207
aby,0.000556701706127
yho,9.82414775518e-05
gde,3.27471591839e-05
lco,0.000720437502047
alw,0.0055015227429
itc,0.017978190392
llf,0.0
seb,0.000130988636736
och,0.000785931820415
ybe,0.00176834659593
tai,0.0165045682287
cli,0.00582899433474
how,0.0271801421227
jaw,0.000654943183679
tya,3.27471591839e-05
iet,0.00343845171431
day,0.0109702983266
kha,0.00455185512657
fic,0.00569800569801
omn,0.000327471591839
ado,0.00281625568982
aut,0.00147362216328
aps,0.00415888921636
ris,0.0110685398042
els,0.00595998297148
cst,9.82414775518e-05
ldn,6.54943183679e-05
liq,0.000425713069391
ouv,9.82414775518e-05
opu,0.000294724432655
apo,0.0010151619347
lwo,0.0
ibi,0.00297999148574
lko,9.82414775518e-05
rwi,0.000294724432655
elg,0.0
xpr,0.00255427841635
mpk,0.00124439204899
ere,0.162294920916
sty,0.002849002849
dau,0.000196482955104
noy,0.000687690342863
bio,9.82414775518e-05
ddb,0.0
opm,0.00016373579592
mho,0.0
pog,0.00130988636736
gen,0.00235779546124
sta,0.0659855257556
ymp,0.000196482955104
baw,3.27471591839e-05
egn,3.27471591839e-05
nsy,0.000720437502047
rmc,0.000556701706127
eva,0.000294724432655
zag,0.000130988636736
gun,0.000360218751023
reg,0.00248878409798
cti,0.0110685398042
emp,0.00671316763271
lum,0.00360218751023
slu,0.00114615057144
tsk,3.27471591839e-05
oxe,0.000229230114288
ewb,0.0
owd,0.00520679831025
ups,0.00301273864492
eep,0.0195500540328
htf,0.00016373579592
whe,0.0542292956086
rmw,0.0
due,0.00121164488981
tea,0.0163408324328
ken,0.0100861250287
kli,0.00189933523267
ara,0.0036676818286
bse,0.0010151619347
rcu,0.00140812784491
ezi,0.000622196024495
ngm,0.0
itw,0.00117889773062
ras,0.00442086648983
uet,0.000327471591839
nuc,0.000196482955104
iza,0.0136883125389
oyf,0.0
shi,0.0124766676491
sub,0.0020303238694
cir,0.0020303238694
lua,9.82414775518e-05
nec,0.00278350853063
nka,0.000229230114288
lym,0.0
iri,0.00812129547762
glu,0.000327471591839
ito,0.0016373579592
wer,0.075482201919
sda,0.000654943183679
sno,0.00209581818777
oar,0.00776107672659
new,0.0178472017552
veg,0.000294724432655
ire,0.0140812784491
can,0.0178472017552
pma,0.0
omb,0.000884173297966
god,0.000261977273472
giv,0.012280184694
joy,0.00180109375512
rug,0.0016373579592
eyd,0.000458460228575
lem,0.000949667616334
met,0.0187641222124
wte,6.54943183679e-05
hma,0.000360218751023
eed,0.0161443494777
ifa,0.000196482955104
rus,0.0061237187674
toc,9.82414775518e-05
orc,0.00507580967351
ves,0.0104463437797
obo,0.00255427841635
joe,0.0
gsh,0.0
wde,0.00134263352654
eat,0.0440449291024
lmi,0.000294724432655
ebu,0.000130988636736
ato,0.00196482955104
nmo,6.54943183679e-05
idg,0.00127713920817
sro,0.00127713920817
ulc,9.82414775518e-05
eil,0.00108065625307
ine,0.0207289517634
boi,0.000654943183679
foa,0.00016373579592
une,0.00193208239185
buo,3.27471591839e-05
vac,0.000425713069391
ylo,0.000491207387759
col,0.0112977699185
lay,0.0079575596817
zic,3.27471591839e-05
wif,0.00114615057144
nsm,6.54943183679e-05
fak,0.000491207387759
uel,0.00134263352654
onc,0.0108720568491
cif,0.00016373579592
cte,0.00641844320005
alc,0.000196482955104
pos,0.0156203949307
giz,0.000261977273472
ips,0.00104790909389
rka,0.00301273864492
ley,0.0247568523431
mbu,0.00134263352654
ghy,0.0
oro,0.00117889773062
nsu,0.00170285227756
rek,0.0
ole,0.0100206307103
cuf,0.000261977273472
wan,0.0365785768085
tme,0.00261977273472
log,0.00121164488981
hee,0.00559976422045
chi,0.0175197301634
rth,0.00893997445722
tow,0.0176507188001
sbo,9.82414775518e-05
eby,6.54943183679e-05
los,0.0152274290205
ofs,3.27471591839e-05
uml,0.0
fes,0.0311098012247
gin,0.0192880767593
dwo,0.0
hei,0.0407374660248
neo,3.27471591839e-05
chu,0.00167010511838
uds,0.000589448865311
lme,0.000360218751023
eal,0.0225955398369
ets,0.0061237187674
stu,0.0167992926614
bus,0.00638569604087
isb,0.000294724432655
edo,0.0188296165308
gar,0.00438811933065
saf,0.00229230114288
kar,0.00559976422045
oot,0.00900546877558
efa,0.0
paq,0.0
wnw,9.82414775518e-05
wav,0.00379867046534
nky,0.00294724432655
xim,0.00173559943675
tpr,0.0
afe,0.0026525198939
nce,0.0372990143105
cot,0.000425713069391
azi,0.00258702557553
tum,0.00121164488981
roi,9.82414775518e-05
eit,0.00327471591839
uip,6.54943183679e-05
car,0.0223663097226
lea,0.0337623211186
fbr,0.0
aze,0.00225955398369
oty,3.27471591839e-05
yru,0.0
oun,0.0661165143924
ail,0.0106428267348
inq,0.000229230114288
sli,0.0126731506042
egr,0.000458460228575
dea,0.0166683040246
eri,0.0318302387268
ibe,0.000818678979599
anq,6.54943183679e-05
eba,0.000425713069391
ids,0.000818678979599
dui,0.0
uid,0.00799030684088
cef,0.000458460228575
pie,0.00478108524086
rao,0.000654943183679
ayh,9.82414775518e-05
voi,0.0129351278777
thr,0.0431280086453
oan,0.00199757671022
spi,0.00975865343681
otu,0.00016373579592
utw,0.0
ual,0.00763008808986
rig,0.0181419261879
sar,0.000622196024495
ygr,0.0
vik,0.00117889773062
spe,0.0237416904084
hie,0.00170285227756
rsi,0.00121164488981
yto,0.0
efy,3.27471591839e-05
tia,0.000654943183679
hoc,0.00314372728166
enu,0.000196482955104
gly,0.00379867046534
rgi,0.00209581818777
eni,0.00920195173069
uri,0.00871074434293
efu,0.00546877558372
rmo,0.00311098012247
tim,0.0187641222124
nyo,0.00478108524086
rnb,9.82414775518e-05
pai,0.00756459377149
dmi,0.00180109375512
rci,0.00144087500409
icr,3.27471591839e-05
bic,9.82414775518e-05
ats,0.00294724432655
oef,0.0
map,0.00209581818777
mba,0.000458460228575
nio,0.00091692045715
sir,0.00874349150211
aah,0.0
kir,0.000360218751023
kta,0.0
whi,0.0364803353309
opy,0.00137538068573
ube,0.000523954546943
bew,0.000884173297966
kin,0.0764646166945
dos,0.000130988636736
lft,6.54943183679e-05
mah,3.27471591839e-05
eof,0.0
ubi,0.00016373579592
nag,0.0125749091266
ave,0.0761043979435
ure,0.0253135540492
ils,0.00189933523267
edc,0.0
exc,0.00887448013885
geb,9.82414775518e-05
nci,0.00419163637554
ckl,0.00743360513475
dog,0.00212856534696
kle,0.00294724432655
eor,0.00648393751842
nas,0.00173559943675
ckp,0.000130988636736
lim,0.006942397747
cur,0.00923469888987
thf,0.00091692045715
ssl,0.00121164488981
rdl,0.00314372728166
agr,0.0207616989226
dyi,0.00111340341225
eci,0.00491207387759
ebb,0.000294724432655
all,0.120345810001
jut,0.0
pti,0.00199757671022
uga,0.000229230114288
gim,0.0
lda,0.000261977273472
rof,0.0334348495268
wos,0.0
uoy,3.27471591839e-05
lli,0.0152601761797
deb,0.000261977273472
abn,9.82414775518e-05
xer,0.000196482955104
sks,0.0010151619347
rlo,0.000392965910207
rdo,0.00016373579592
yes,0.018698627894
tsp,0.0
lle,0.0387726364738
ock,0.02046697449
fep,0.0
fit,0.00150636932246
ntw,3.27471591839e-05
hab,0.000753184661231
hot,0.0053050397878
eld,0.00690965058781
ved,0.0176834659593
ctf,0.0
gem,0.000327471591839
ngr,0.00373317614697
eth,0.0215148835838
elp,0.00851426138782
dav,0.000261977273472
mfr,0.00232504830206
app,0.0317974915676
fil,0.00756459377149
paj,0.000327471591839
oks,0.00805580115925
erj,3.27471591839e-05
muc,0.0111012869634
dab,0.000196482955104
awi,0.00117889773062
xhu,0.0
rna,0.00294724432655
wsc,0.0
mph,0.000491207387759
sso,0.033827815437
edl,0.00239054262043
hif,0.000589448865311
bel,0.0109048040083
aka,0.000425713069391
bit,0.0099878835511
hef,9.82414775518e-05
net,0.00180109375512
fad,0.000884173297966
syi,6.54943183679e-05
urf,0.00091692045715
bat,0.00432262501228
cie,0.000982414775518
nfa,0.000196482955104
env,0.000687690342863
emo,0.0102826079838
ese,0.0104135966205
wnh,0.0
uce,0.00140812784491
gum,0.000294724432655
ryd,0.0
nfu,0.00167010511838
wrt,0.0
bil,0.00494482103678
lun,0.00379867046534
ywa,0.000392965910207
bal,0.00409339489799
dur,0.00831777843272
ult,0.0044863608082
rfe,0.00186658807348
dir,0.00235779546124
fne,3.27471591839e-05
rvi,0.0020303238694
hte,0.00595998297148
ffi,0.0159806136818
olf,0.00104790909389
vih,0.0
nap,0.0180764318695
tch,0.0443069063759
leb,0.000589448865311
hti,0.0016373579592
arb,0.00229230114288
cue,0.000491207387759
ees,0.00334021023676
odn,0.000196482955104
ece,0.00501031535514
isy,0.000261977273472
alt,0.002849002849
nbe,0.00016373579592
uas,0.00091692045715
nel,0.00235779546124
ias,0.000687690342863
bet,0.0139175426532
sua,0.00622196024495
ntc,0.0
smu,0.000523954546943
teb,6.54943183679e-05
ice,0.026164980188
mis,0.0104463437797
tdm,0.0
reh,0.00111340341225
uci,0.00150636932246
smi,0.00582899433474
rho,0.00016373579592
umo,0.000654943183679
fel,0.0179126960736
iou,0.0113305170776
red,0.0775780201068
aff,0.00412614205718
vve,3.27471591839e-05
oma,0.00337295739595
flo,0.00785931820415
cgo,0.00812129547762
lub,0.000392965910207
moi,0.0
tur,0.0360218751023
rgr,0.000687690342863
omm,0.00664767331434
unz,0.0
rtk,0.000327471591839
orl,0.00337295739595
rud,0.00153911648165
tun,0.00674591479189
asi,0.0046828437633
yaw,0.000458460228575
pbo,0.00111340341225
pli,0.00278350853063
dro,0.00903821593477
obl,0.00402790057962
gua,0.00193208239185
lod,0.00104790909389
cow,0.000949667616334
xot,0.0
kem,0.0
ill,0.0671644234863
dfo,6.54943183679e-05
mew,0.00229230114288
isu,0.000294724432655
oam,0.000294724432655
len,0.0105445852572
xub,0.0
tla,9.82414775518e-05
upp,0.00972590627763
unf,0.00150636932246
rml,0.000523954546943
isa,0.00392965910207
uig,9.82414775518e-05
ems,0.00415888921636
coo,0.00150636932246
enj,0.00170285227756
xhi,0.0
ixt,0.00137538068573
eaw,9.82414775518e-05
kim,0.000196482955104
nsn,3.27471591839e-05
ubj,0.00091692045715
yll,0.000130988636736
ppi,0.00884173297966
iew,0.00111340341225
nva,6.54943183679e-05
ohn,0.000196482955104
pop,0.00114615057144
itt,0.0228247699512
ewa,0.00232504830206
ipp,0.0109702983266
tot,0.000491207387759
vit,0.000949667616334
ffu,0.0
bre,0.00943118184497
idd,0.0157841307267
iki,0.000360218751023
odr,0.000130988636736
nzi,0.0
use,0.0324851819105
xpe,0.00582899433474
uph,9.82414775518e-05
rmt,0.00216131250614
her,0.211677636965
nbi,0.0
lti,0.00150636932246
fri,0.00674591479189
mbn,0.0
eys,0.00491207387759
xin,0.000622196024495
lop,0.00311098012247
usi,0.00517405115106
lsh,9.82414775518e-05
pur,0.00294724432655
fru,0.000556701706127
uug,0.0
mse,0.0137865540164
wam,0.000425713069391
ann,0.00501031535514
ays,0.0119854602613
esi,0.00419163637554
zzy,0.000130988636736
stb,9.82414775518e-05
huf,0.00239054262043
bby,0.00668042047352
ooc,0.000622196024495
bbe,0.00864525002456
rup,0.00180109375512
rdw,6.54943183679e-05
gym,3.27471591839e-05
tsh,0.000327471591839
aky,0.00124439204899
nkn,0.000229230114288
acu,0.000785931820415
rje,3.27471591839e-05
cee,0.000654943183679
lyz,6.54943183679e-05
bul,0.00275076137145
oei,0.0
gae,0.0
ouu,0.0
sea,0.00766283524904
iec,0.00248878409798
arv,0.00261977273472
ihl,0.0
ysi,0.000229230114288
itl,0.000196482955104
shr,0.00415888921636
err,0.0055015227429
izz,0.000982414775518
uth,0.00618921308576
wee,0.0101843665062
lfw,0.00150636932246
nne,0.00749909945312
dop,3.27471591839e-05
erf,0.00589448865311
cui,9.82414775518e-05
cam,0.015849625045
ddy,0.00091692045715
ibr,0.00147362216328
twh,0.0
lyn,0.000261977273472
cko,0.00314372728166
rri,0.0223008154043
yce,0.000130988636736
rby,0.000589448865311
sai,0.171005665259
uis,0.000851426138782
arn,0.00507580967351
rap,0.00497756819596
tar,0.0296034319023
abb,0.0091692045715
vra,0.0
atl,0.000589448865311
ral,0.00664767331434
veh,0.0
ogw,0.00772832956741
nri,0.000196482955104
rip,0.00615646592658
lbs,3.27471591839e-05
psh,0.0
rba,0.000392965910207
taf,0.00189933523267
utt,0.0114287585552
nny,0.00556701706127
ssc,6.54943183679e-05
hly,0.00275076137145
pir,0.00186658807348
rid,0.0290794773553
wkw,0.000458460228575
ldy,0.000130988636736
par,0.022431804041
roj,3.27471591839e-05
nad,0.0
cma,0.0
bne,0.0
lin,0.0521007302616
coc,0.000523954546943
mig,0.009791400596
tin,0.0723057274781
byl,0.0
ror,0.00275076137145
iga,0.00176834659593
omy,0.000491207387759
cks,0.00445361364902
oye,0.000720437502047
hiz,0.000261977273472
wnt,0.0
tib,0.000130988636736
zza,3.27471591839e-05
ctr,0.000261977273472
mas,0.0079575596817
adl,0.00487932671841
lpi,0.00150636932246
nil,0.0
pha,0.000556701706127
ici,0.00445361364902
squ,0.00710613354292
nix,0.000556701706127
nre,0.00016373579592
cei,0.00209581818777
laz,0.00157186364083
dli,0.00121164488981
ple,0.0272128892819
pod,3.27471591839e-05
mak,0.015129187543
avr,0.0
daz,0.000491207387759
ghn,3.27471591839e-05
nit,0.00451910796738
yse,0.00127713920817
inf,0.00320922160003
esq,6.54943183679e-05
agi,0.0147362216328
aci,0.00350394603268
ept,0.0138193011756
gea,3.27471591839e-05
dod,0.000687690342863
ext,0.0180764318695
pda,3.27471591839e-05
eph,0.000753184661231
obt,0.0
the,1.0
axl,3.27471591839e-05
gog,0.000884173297966
dev,0.000949667616334
rok,0.00471559092249
pth,0.000294724432655
mns,3.27471591839e-05
rog,0.00150636932246
eda,0.00016373579592
nwo,3.27471591839e-05
scr,0.00907096309395
lkm,0.0
doe,0.00242328977961
lka,0.0
vee,0.000687690342863
auv,0.0
vei,0.000229230114288
mpe,0.00668042047352
foc,0.000392965910207
mpi,0.00582899433474
fai,0.00363493466942
ala,0.00209581818777
upi,0.00910371025314
eiv,0.00104790909389
gul,0.00134263352654
hys,3.27471591839e-05
dis,0.0149654517471
htd,0.0
tec,0.00137538068573
hth,3.27471591839e-05
ntz,6.54943183679e-05
ulu,0.0
ros,0.014768968792
rma,0.00412614205718
puk,0.0
nea,0.0176507188001
kul,0.000425713069391
neu,0.0
oze,0.00157186364083
meb,0.00124439204899
ozi,0.000392965910207
ydu,0.000458460228575
cba,0.0
ekl,0.000229230114288
arc,0.00622196024495
glo,0.0026525198939
sba,3.27471591839e-05
bog,0.000818678979599
wid,0.00324196875921
ipe,0.00216131250614
apm,0.0
twi,0.00723712217965
ush,0.0087762386613
chw,0.000294724432655
pus,0.00360218751023
oob,0.0
jai,0.0
nko,0.0
oov,0.000196482955104
ooz,0.000425713069391
uly,0.000425713069391
ers,0.0377902216983
cap,0.002849002849
dew,0.0010151619347
erg,0.00317647444084
cal,0.0178144545961
dec,0.00432262501228
erk,0.00153911648165
ach,0.0254117955267
xce,0.00451910796738
wed,0.0121491960572
uar,0.00340570455513
tag,0.00199757671022
uan,0.000130988636736
oba,0.00196482955104
tak,0.0197792841471
sip,0.000327471591839
dwu,0.0
enk,3.27471591839e-05
lpt,0.0
dwa,0.000196482955104
nym,6.54943183679e-05
mar,0.00936568752661
lag,0.00160461080001
pas,0.013360840947
ove,0.0543275370862
maj,6.54943183679e-05
npr,9.82414775518e-05
ghw,0.0
hoa,0.000491207387759
egl,9.82414775518e-05
gho,0.00225955398369
lse,0.00504306251433
lsi,0.000229230114288
ttl,0.0148672102695
zey,9.82414775518e-05
eun,3.27471591839e-05
wra,0.00130988636736
nso,0.000622196024495
fia,0.00016373579592
gel,0.00150636932246
ced,0.0186003864165
dac,0.0
nog,0.0
daw,0.000392965910207
lfb,3.27471591839e-05
gfu,0.00016373579592
bay,0.0
out,0.119265153748
wls,0.00160461080001
izo,9.82414775518e-05
rei,0.000523954546943
dse,0.0
ree,0.0250843239349
asp,0.00297999148574
ych,0.0
ory,0.00710613354292
mir,0.002849002849
ech,0.00350394603268
orm,0.0164063267512
zem,6.54943183679e-05
ash,0.00930019320824
ora,0.00206307102859
bam,3.27471591839e-05
atm,0.000294724432655
ist,0.0285227756492
wep,0.00130988636736
lth,0.00160461080001
ona,0.0118544716246
uen,0.000491207387759
kfa,0.00130988636736
xio,0.0010151619347
toy,0.000229230114288
kon,0.00311098012247
arw,3.27471591839e-05
pis,0.00016373579592
tou,0.00432262501228
toa,0.00117889773062
kov,9.82414775518e-05
ods,0.000949667616334
rsk,3.27471591839e-05
cup,0.00510855683269
gyl,0.0
gyp,0.000196482955104
ueb,0.0
wat,0.0145724858369
bem,0.000130988636736
tsi,0.00419163637554
kni,0.00167010511838
stw,9.82414775518e-05
iar,0.00229230114288
beu,9.82414775518e-05
sah,0.0
ram,0.00314372728166
sad,0.000294724432655
hug,0.00288175000819
ket,0.00517405115106
ans,0.00825228411435
sap,0.00330746307758
lec,0.0036676818286
lio,0.000425713069391
stc,0.0
lis,0.00687690342863
nua,0.000196482955104
wni,0.00127713920817
ins,0.0294724432655
nem,0.000261977273472
awh,0.0
sfe,6.54943183679e-05
alm,0.00789206536333
urg,0.00189933523267
exa,0.00648393751842
ckn,0.000294724432655
urk,0.000884173297966
exu,0.0
ckr,6.54943183679e-05
bia,9.82414775518e-05
axm,0.0
rtf,0.0
pwa,0.000622196024495
oje,3.27471591839e-05
ula,0.00491207387759
abo,0.0386416478371
udi,0.00206307102859
ngo,0.000949667616334
iev,0.00740085797557
irk,0.000654943183679
ngs,0.0107410682123
kru,0.00386416478371
get,0.035956380784
ssn,0.0
hig,0.00559976422045
ita,0.00697514490618
ssb,9.82414775518e-05
bau,0.0
emn,0.000130988636736
gbi,0.0
cri,0.00379867046534
rmu,0.000720437502047
ffh,6.54943183679e-05
yda,0.0
num,0.00314372728166
ype,9.82414775518e-05
kto,0.00121164488981
aro,0.0314700199758
itu,0.000949667616334
ain,0.0396240626126
wor,0.0292759603104
luc,0.00301273864492
iot,0.000261977273472
yta,0.0
kel,0.00147362216328
tus,0.000523954546943
oml,6.54943183679e-05
adu,0.000261977273472
jog,0.000229230114288
leo,0.000851426138782
he/,0.0
cov,0.00435537217146
ilm,0.000130988636736
cob,0.000196482955104
ung,0.00985689491437
eti,0.00314372728166
con,0.0275076137145
tuo,0.000392965910207
pik,0.000196482955104
ady,0.00789206536333
uch,0.0233814716573
duk,0.000458460228575
dug,0.000229230114288
wru,3.27471591839e-05
dus,0.00114615057144
ano,0.00936568752661
oto,0.00140812784491
gap,0.00134263352654
gad,9.82414775518e-05
mle,0.000327471591839
cts,0.00173559943675
rbl,0.00176834659593
gne,0.00114615057144
ein,0.00972590627763
ivo,6.54943183679e-05
vok,0.000130988636736
lcu,3.27471591839e-05
kbe,0.00167010511838
rie,0.0267544290533
ing,0.554998853849
tas,0.00288175000819
wds,0.00016373579592
ibs,0.000261977273472
nim,0.00219405966532
oid,0.00209581818777
dgm,3.27471591839e-05
kil,0.00635294888168
dgy,9.82414775518e-05
oho,0.0
niu,9.82414775518e-05
ofe,0.030618593837
epu,0.00209581818777
sbu,0.0
thp,0.0
jau,6.54943183679e-05
bey,0.00160461080001
epi,0.00343845171431
thd,0.00153911648165
tcu,6.54943183679e-05
ldl,0.00108065625307
xes,0.000622196024495
yer,0.00340570455513
eli,0.0180764318695
skr,0.000949667616334
hac,0.000589448865311
ele,0.00812129547762
cud,0.0
adm,0.00317647444084
psi,0.00111340341225
amb,0.00563251137964
pse,0.00222680682451
opo,9.82414775518e-05
mod,0.000687690342863
efc,6.54943183679e-05
eer,0.00776107672659
wbe,3.27471591839e-05
eef,0.000360218751023
ols,0.000392965910207
wwn,0.0
poe,0.0
esp,0.00242328977961
pew,0.000130988636736
ddt,0.0
alu,0.000392965910207
esd,0.000294724432655
cna,9.82414775518e-05
umn,0.00016373579592
gre,0.02207158529
esh,0.00114615057144
rui,0.00124439204899
rue,0.00124439204899
zzl,0.000818678979599
oed,0.00130988636736
ndb,0.000196482955104
yly,9.82414775518e-05
edy,0.000261977273472
kap,0.0
act,0.0137538068573
ide,0.043619216033
mbo,0.000491207387759
ahe,0.00137538068573
owf,3.27471591839e-05
hou,0.0704063922455
nsw,0.00235779546124
git,0.000229230114288
hes,0.0145069915185
oul,0.0698496905393
heg,0.0
eha,0.000687690342863
gil,0.00134263352654
ean,0.0118217244654
jui,0.0010151619347
doi,0.0046828437633
bum,0.000327471591839
wal,0.0168320398205
eav,0.0112322756001
azk,0.00144087500409
cid,0.00379867046534
uti,0.00307823296329
cip,0.000458460228575
utu,0.000392965910207
xwe,0.0
lyw,9.82414775518e-05
nnd,0.0
pig,0.00114615057144
uir,0.00304548580411
lyo,0.0
tic,0.0189606051675
nae,0.0
oal,0.0010151619347
tio,0.0284572813308
oap,0.0
gri,0.0289812358778
ubs,0.000753184661231
ich,0.0175852244818
agh,0.0
eop,0.0117234829879
kip,0.000360218751023
agp,3.27471591839e-05
