pto,0.000211685012701
roh,0.00620942703923
pih,0.00740897544454
rhi,0.00225797346881
nta,0.162503528084
sll,0.0100197572679
lls,0.00522156364663
osi,0.0505221563647
otp,0.0
osa,0.0362686988428
pul,0.00239909681061
aua,0.0138300874965
smo,0.000211685012701
raf,0.000141123341801
syk,0.0137595258256
aui,0.0
tkn,0.0203923228902
tji,0.00204628845611
lkv,0.00331639853232
lra,0.0
ert,0.0436776742873
ryf,0.0
pyh,0.0616709003669
osy,0.0
mpn,0.00296359017782
faj,7.05616709004e-05
ped,0.00317527519052
evh,0.000282246683601
edr,0.000352808354502
pre,0.00141123341801
did,0.000141123341801
reb,0.00289302850692
hyp,0.00183460344341
dep,0.000282246683601
jhy,0.000423370025402
uem,0.000211685012701
nty,0.0548264182896
uee,0.00578605701383
pva,7.05616709004e-05
eso,0.00261078182331
alv,0.0930708439176
mia,0.026178379904
tep,0.000917301721705
nen,0.615156646909
tne,0.0118543607113
nef,0.000282246683601
kuo,0.051016088061
rub,0.00627998871013
nev,0.00769122212814
mum,0.000141123341801
mee,0.0141123341801
yvt,0.0204628845611
amy,0.000141123341801
mem,0.00105842506351
rle,0.000211685012701
lep,0.00825571549534
erl,0.00204628845611
nvo,0.0
vmn,0.0
eko,0.0301298334745
nti,0.0515100197573
aks,0.17633361558
rde,0.000141123341801
akk,0.0332345469941
jav,0.00515100197573
nyj,0.0
dra,0.000282246683601
tat,0.0369743155518
vij,0.00557437200113
pud,0.00254022015241
etb,0.0
hel,0.0218741179791
vir,0.0278718600056
ask,0.0472057578323
ran,0.201594693762
sga,0.000635055038103
ytv,0.00261078182331
lor,0.0
dne,0.00268134349421
kse,0.304685294948
uso,0.000776178379904
mso,0.00204628845611
vol,0.00366920688682
jde,0.0
ehv,0.00141123341801
ooe,0.000987863392605
ndi,0.0
oom,0.00324583686142
upn,7.05616709004e-05
hvy,7.05616709004e-05
oou,0.000211685012701
ven,0.0281541066892
anl,0.00345752187412
iim,0.00917301721705
keg,0.000705616709004
ibh,7.05616709004e-05
vot,0.0107959356478
kll,0.00169348010161
ulj,0.0129833474457
nda,0.0
aa],0.000211685012701
mnp,0.000352808354502
fla,0.0
pvi,7.05616709004e-05
fun,0.00105842506351
kyk,0.00663279706463
vli,0.00698560541914
uai,0.00359864521592
uaa,0.0135478408129
ske,0.0704911092295
kys,0.0263195032458
ryn,0.00127011007621
krj,0.000564493367203
jkt,0.000282246683601
nyr,0.00578605701383
dad,0.00296359017782
hov,0.00289302850692
deh,0.000635055038103
nij,0.000141123341801
ryv,0.000846740050804
vaj,0.00127011007621
lal,0.0184871577759
afl,0.000141123341801
snn,0.00783234546994
tor,0.00712672876094
maa,0.318727067457
fuf,7.05616709004e-05
mai,0.0294947784364
ght,0.000141123341801
dyl,0.000705616709004
lho,0.00119954840531
enh,0.00882020886255
dja,0.00105842506351
tba,7.05616709004e-05
etj,0.00239909681061
itn,0.0438893593
nhe,0.00733841377364
tts,0.000635055038103
ytn,0.0103725656224
ttk,0.0255433248659
hih,0.000352808354502
uay,7.05616709004e-05
itv,0.00486875529213
jif,0.0
enp,0.00959638724245
imi,0.0677392040644
fib,0.000423370025402
soi,0.0327406152978
eok,0.000211685012701
uok,0.0491814846176
nol,0.00232853513971
dil,0.0102314422806
pru,0.0
npe,0.000705616709004
kku,0.0255433248659
kkm,0.000141123341801
sik,0.0685859441152
kke,0.0275190516511
ift,0.0
ahr,0.00127011007621
rvs,0.0
aft,0.00303415184872
meu,0.000705616709004
ifd,0.0
hyh,0.0
ynt,0.0616709003669
ouk,0.0383149872989
npm,0.00268134349421
lad,0.000987863392605
hlo,0.000282246683601
tsn,0.00437482359582
ous,0.0606830369743
gom,0.00112898673441
gus,0.0
rer,7.05616709004e-05
fta,0.00458650860852
kis,0.0543324865933
ble,0.000141123341801
apr,0.0
ass,0.0982924075642
iam,0.00155235675981
lmp,0.000635055038103
orn,0.00296359017782
dit,0.00338696020322
not,0.0174287327124
bej,0.000211685012701
ima,0.0397967823878
rlu,0.0
rpy,0.000282246683601
lts,0.00112898673441
kik,0.00627998871013
iss,0.121013265594
put,0.00493931696303
isk,0.0358453288174
iae,7.05616709004e-05
int,0.0366215071973
ltk,0.00204628845611
onj,0.000352808354502
teh,0.0761360429015
ihr,0.000635055038103
dat,0.0443832909963
nhu,0.0328111769687
lat,0.050310471352
onr,0.000705616709004
koi,0.0834038950042
toj,0.0123482924076
yim,0.000705616709004
jeb,0.00169348010161
hto,0.0224386113463
tob,0.00105842506351
hud,0.00127011007621
yhj,0.00635055038103
hul,0.00395145357042
hut,0.0111487440023
iau,0.000987863392605
slt,0.00289302850692
pna,0.0
dtk,0.000635055038103
seg,0.0
aam,0.0604007902907
stt,0.00239909681061
zyn,0.0
ber,0.00345752187412
and,0.00105842506351
tja,0.000635055038103
urt,0.00733841377364
aln,0.000141123341801
bha,7.05616709004e-05
ant,0.182401919277
arh,0.020533446232
sas,0.0397967823878
lid,0.000211685012701
epn,0.000141123341801
lil,0.0604713519616
gek,7.05616709004e-05
lit,0.0674569573808
eaa,0.00571549534293
tyl,0.00176404177251
lup,0.0101608806097
kak,0.0661868473045
rpa,0.00536268698843
gio,7.05616709004e-05
kas,0.11677956534
stl,0.000211685012701
rha,0.0228619813717
irp,0.000705616709004
pni,0.00246965848151
inl,0.00141123341801
cyk,0.0
mrt,0.00973751058425
mrl,0.0
suo,0.0210273779283
rns,0.000564493367203
dor,0.000705616709004
rte,0.0222269263336
jns,0.00197572678521
nly,0.000282246683601
tri,0.00797346881174
nla,0.00571549534293
oge,0.000352808354502
nli,0.00112898673441
ksu,0.00712672876094
irh,0.00331639853232
npu,0.00860852384984
ymy,0.00183460344341
ipr,0.0
hrm,7.05616709004e-05
lsn,0.00296359017782
ymi,0.00324583686142
mhn,0.0
atv,0.000635055038103
hip,0.000635055038103
aae,0.00254022015241
phs,0.000211685012701
ssu,0.0143240191928
ssm,0.000846740050804
luh,0.000352808354502
sse,0.0150296359018
eme,0.00592718035563
emm,0.116144510302
unp,0.000423370025402
emu,0.015594129269
ktt,0.0107253739769
alf,0.000282246683601
ban,0.0112898673441
arp,0.00825571549534
ydn,0.00994919559695
nuv,0.000282246683601
var,0.0744425627999
nun,0.491814846176
jnk,0.00169348010161
sis,0.0746542478126
rtm,0.00141123341801
lne,0.000282246683601
muu,0.0857324301439
jtu,0.000917301721705
jtm,0.0
leh,0.00804403048264
jte,0.00155235675981
nsh,7.05616709004e-05
iks,0.0795230031047
uos,0.0137595258256
ogu,0.0
tup,0.00155235675981
uum,0.0168642393452
lvm,0.000141123341801
ind,0.0
hof,0.000282246683601
vrk,0.000493931696303
fod,0.0
etr,0.00296359017782
tuh,0.0475585661868
vun,0.00790290714084
ykk,0.00627998871013
ilv,0.0124894157494
jin,0.00839683883714
unh,0.00740897544454
tra,0.00105842506351
hvi,0.0433248659328
lyt,0.0142534575219
myy,0.00635055038103
hva,0.00296359017782
pon,0.000635055038103
ikk,0.323525261078
rpi,0.00105842506351
bbo,0.000141123341801
jiv,0.00197572678521
llk,0.00338696020322
prm,0.0
joh,0.0286480383855
ahb,0.0
nrk,0.000564493367203
aie,0.000352808354502
hmt,0.000705616709004
koa,0.0174992943833
hml,0.000423370025402
imy,0.00225797346881
ioo,0.00176404177251
gag,0.000635055038103
ysk,0.0179226644087
rav,0.00416313858312
sak,0.0251199548405
tsv,0.000423370025402
aiu,0.000282246683601
vrs,7.05616709004e-05
aim,0.0604713519616
iln,0.000987863392605
hdo,0.0178521027378
guk,0.0
ami,0.0713378492803
ohl,0.000776178379904
rtu,0.0115015523568
lkn,0.0306237651708
ivl,0.00430426192492
rin,0.12933954276
lyl,7.05616709004e-05
rif,0.0
ges,0.00493931696303
pap,0.0533446232007
vuv,0.00169348010161
riv,0.00585661868473
ama,0.136889641547
pah,0.0593423652272
phk,0.0
ypr,0.00162291843071
hon,0.0201806378775
nib,0.0
umm,0.00867908552075
orv,0.0142534575219
sys,0.00176404177251
dkn,0.0
nir,0.000635055038103
yks,0.065128422241
knn,0.0136889641547
oka,0.336790855207
rnk,7.05616709004e-05
epv,0.000423370025402
try,0.0
ofr,0.000141123341801
naj,0.00395145357042
vyr,0.000776178379904
vyj,0.0
erd,7.05616709004e-05
hju,0.00134067174711
mmu,0.00289302850692
hje,0.00261078182331
oki,0.00853796217894
elj,0.087143663562
nar,0.00303415184872
elb,0.0
dri,0.000211685012701
rst,0.00345752187412
pov,0.000493931696303
hap,0.00719729043184
bin,0.0344340953994
lji,0.0124188540785
mos,0.00719729043184
pmt,0.0
sku,0.0147473892182
mok,0.00515100197573
sac,0.0
ubl,0.00105842506351
opl,0.0
jer,0.0541208015806
jyv,0.00282246683601
bro,0.00289302850692
lja,0.0244848998024
eem,0.00627998871013
jyn,0.00127011007621
seo,7.05616709004e-05
jan,0.106265876376
tvu,0.000141123341801
bde,0.0
tvm,0.0
rkl,0.0
umu,0.010654812306
ljy,0.0134067174711
kmo,7.05616709004e-05
ume,0.00289302850692
tyd,0.00677392040644
tad,0.000141123341801
tmh,0.0
ruj,0.00218741179791
oes,0.000917301721705
rro,0.00917301721705
nmn,7.05616709004e-05
ylv,0.0124188540785
jst,0.00486875529213
myi,0.00232853513971
srj,0.00239909681061
idn,0.349985887666
dnm,7.05616709004e-05
yln,0.000917301721705
aei,0.0
mmm,0.000776178379904
soa,0.00197572678521
lfe,0.000282246683601
ahj,0.0171464860288
rdu,0.000282246683601
pps,0.0
tyt,0.078605701383
yym,0.000141123341801
het,0.0979395992097
loj,0.00303415184872
hed,0.010654812306
olh,0.000423370025402
fir,0.000776178379904
hni,0.0
ehn,0.0357747671465
jop,0.00204628845611
eai,0.00134067174711
hna,0.000141123341801
adn,0.00218741179791
yma,7.05616709004e-05
juj,7.05616709004e-05
opt,0.000141123341801
dal,0.00649167372283
jur,0.00246965848151
ivt,0.246401354784
dob,0.0
rjo,0.0350691504375
pel,0.10972339825
pju,0.00303415184872
lve,0.104360711262
tpo,7.05616709004e-05
jaf,0.000141123341801
vhe,0.00141123341801
nkp,7.05616709004e-05
rej,0.0103020039515
nno,0.0342224103867
oth,0.0
beb,0.0
ngt,0.000635055038103
ohd,0.0235675980807
lyd,0.00585661868473
oht,0.0290008467401
nab,0.00169348010161
lpo,0.00275190516511
tal,0.0584250635055
mii,0.0289302850692
tit,0.0160174992944
til,0.0265311882585
klt,0.000282246683601
hre,0.00980807225515
tid,0.000987863392605
yss,0.00395145357042
kvn,0.000141123341801
mue,0.00860852384984
hny,0.0295653401073
yvl,0.00134067174711
dyt,0.00515100197573
ago,0.00423370025402
iie,0.000141123341801
agg,0.00119954840531
mme,0.283305108665
eos,0.000635055038103
pet,0.0438187976291
hah,0.000705616709004
far,0.0213801862828
uko,0.0539796782388
ptn,0.00105842506351
roi,0.0139712108383
kde,0.0132655941293
roa,0.00359864521592
mni,0.00550381033023
iil,0.0211685012701
mna,0.000987863392605
pii,0.0146062658764
yvu,0.0
ykr,0.000917301721705
auh,0.0455828394016
lvl,0.000493931696303
yve,0.00112898673441
jig,0.0
osp,0.00373976855772
yvm,0.0
asr,0.000564493367203
hee,0.0255433248659
rag,7.05616709004e-05
iuh,0.00571549534293
syj,0.000493931696303
ibi,0.000987863392605
fas,0.000705616709004
krs,0.00973751058425
aja,0.108241603161
vrj,0.000282246683601
gla,7.05616709004e-05
upo,0.00571549534293
pyi,0.00162291843071
llj,0.0
die,0.000211685012701
iit,0.124400225797
evy,0.00373976855772
ait,0.0577194467965
hyy,0.00218741179791
slu,0.000211685012701
tei,0.27582557155
esn,0.000493931696303
pum,0.00275190516511
htn,0.00310471351962
suv,0.0215213096246
tey,0.00543324865933
nlh,0.0
pmm,0.000493931696303
uls,7.05616709004e-05
aba,0.00980807225515
slm,0.00148179508891
abi,0.0313293818798
ntp,7.05616709004e-05
kun,0.472904318374
ufa,0.000776178379904
kuf,7.05616709004e-05
yry,0.00289302850692
med,0.000352808354502
ken,0.133926051369
nge,0.0220152413209
hks,0.00331639853232
met,0.0230031047135
sle,0.00134067174711
ley,0.0
ihk,0.00564493367203
gli,0.0
dym,0.0
nth,0.0349985887666
ebu,0.00769122212814
akr,0.000917301721705
boi,0.000282246683601
iep,0.00127011007621
akb,0.000635055038103
rku,0.00317527519052
spy,0.000211685012701
ipk,0.000352808354502
pia,0.0135478408129
ips,0.000635055038103
lma,0.0428309342365
feg,0.0
jao,0.000211685012701
usn,7.05616709004e-05
pue,0.00486875529213
dnt,0.00105842506351
rek,0.00620942703923
ivm,0.000564493367203
chy,0.0
ial,0.0143240191928
nka,0.243296641264
nki,0.116285633644
jek,0.00127011007621
oot,0.0378916172735
ajy,0.000211685012701
nky,0.0288597233983
tnt,0.00239909681061
ieh,0.0777589613322
ivu,0.0107959356478
yji,0.000352808354502
anm,0.000493931696303
ere,0.0453711543889
npl,0.000211685012701
ato,0.0273073666384
dea,0.00747953711544
kyj,0.00677392040644
ovk,0.0
vlh,0.0
jrv,0.00225797346881
bus,0.00148179508891
ulk,0.0617414620378
spi,0.00225797346881
kyr,0.000352808354502
spa,0.00599774202653
mel,0.0315410668925
yto,0.000141123341801
ena,0.0429014959074
kib,0.0
krk,0.000211685012701
nys,0.00155235675981
nyk,0.00515100197573
skd,0.000141123341801
mpo,0.000211685012701
afu,0.0
map,0.000352808354502
mah,0.0126305390912
sir,0.00684448207734
lae,0.00141123341801
dei,0.000282246683601
nik,0.00712672876094
isb,0.00119954840531
lau,0.0356336438047
lmi,0.0371154388936
vak,0.0145357042055
geb,0.00119954840531
lhn,0.000211685012701
oan,0.00931414055885
mju,0.0
nas,0.053132938188
hoo,0.00635055038103
ito,0.0444538526672
nhd,0.0138300874965
ttr,0.0126305390912
ttj,0.00395145357042
aby,0.000423370025402
ssd,7.05616709004e-05
uva,0.0693621224951
etk,0.0303415184872
eul,0.000987863392605
tmy,0.00119954840531
sib,0.00155235675981
oly,0.0
imh,0.000141123341801
imp,0.00980807225515
ado,0.00966694891335
soh,0.000211685012701
uoj,0.00627998871013
nom,0.00825571549534
kab,0.00127011007621
dim,0.00176404177251
kkt,0.000493931696303
iid,0.0526390064917
eny,0.0166525543325
nou,0.0692209991533
ogl,0.0
yyd,0.0159469376235
yne,0.0158763759526
eru,0.0498871013266
kpa,0.000635055038103
hyi,0.000493931696303
jll,0.0100197572679
ifm,0.0
buk,0.00324583686142
lam,0.0365509455264
mip,0.000211685012701
our,0.00148179508891
eni,0.176898108947
gol,0.000917301721705
sha,0.000564493367203
eju,0.000141123341801
god,0.0
lym,0.00134067174711
aji,0.00931414055885
tso,0.0194750211685
aon,0.00874964719165
got,0.000282246683601
rll,0.00246965848151
nic,0.0
kst,0.00197572678521
jes,0.0157352526108
mmt,0.000846740050804
uor,0.0562376517076
eip,0.0130539091166
asb,0.000211685012701
shi,0.000423370025402
puu,0.0336579170195
aps,0.0357042054756
kij,0.0105842506351
isr,0.156011854361
isj,0.000352808354502
tos,0.0264606265876
mvi,0.0
lua,0.00437482359582
onk,0.108664973187
rrn,7.05616709004e-05
ihs,0.00183460344341
asj,0.00345752187412
inu,0.818303697432
nht,0.00183460344341
oiv,0.0702088625459
ons,0.0345752187412
ysr,0.000282246683601
koh,0.046711826136
yit,0.00105842506351
yil,0.000705616709004
nnv,0.0
tok,0.00493931696303
gta,7.05616709004e-05
tea,0.019827829523
iat,0.00458650860852
eva,0.115650578606
ncy,0.0
bek,0.00352808354502
hue,0.00232853513971
eor,0.000987863392605
big,0.000705616709004
yhk,0.0157352526108
pnp,0.0
huu,0.0504515946938
gin,0.0175698560542
rsu,0.000846740050804
kev,0.0294947784364
dma,0.000282246683601
ste,0.261289867344
dam,0.00402201524132
ara,0.0633643804685
aal,0.0440304826418
stu,0.173722833757
ofk,0.0
kte,0.0292125317528
ane,0.0563082133785
tmi,0.00515100197573
eah,0.00119954840531
sab,0.00331639853232
rke,0.0206745695738
anu,0.0989274626023
uet,0.00973751058425
sar,0.0257550098786
iba,0.00493931696303
yps,0.000564493367203
ubu,0.0
alo,0.0608241603161
epo,0.00486875529213
lim,0.0249082698278
liu,0.00642111205193
hum,0.00599774202653
efa,0.00465707027942
jse,0.00176404177251
suf,7.05616709004e-05
sev,0.0200395145357
kaj,0.000776178379904
apk,0.000141123341801
kar,0.0553909116568
yhs,0.00373976855772
bse,0.0
sun,0.0139712108383
rlt,0.0
dok,0.00811459215354
sij,0.0142534575219
sde,0.00218741179791
uel,0.0105842506351
urm,0.0309765735253
neg,0.000564493367203
mrm,0.000141123341801
kuv,0.0114309906859
njr,0.000564493367203
mre,0.000211685012701
inm,0.00148179508891
pks,0.000564493367203
tko,0.0273073666384
utk,0.0103020039515
uah,0.000282246683601
rtt,0.0270956816257
eap,7.05616709004e-05
ojo,0.000705616709004
ymp,0.0223680496754
vth,0.000493931696303
vki,0.0112898673441
hrt,0.000493931696303
eho,0.00642111205193
hrl,0.0
lso,0.0
ksl,7.05616709004e-05
ger,0.000987863392605
aad,0.0246965848151
sst,0.00529212531753
hkk,0.00557437200113
dmi,0.00148179508891
hia,0.00211685012701
mul,0.00959638724245
hii,0.00416313858312
lei,0.0808636748518
uvi,0.00606830369743
eml,0.00169348010161
joa,0.00395145357042
rse,0.00225797346881
ail,0.0249082698278
emt,0.00134067174711
stm,0.00529212531753
ine,0.180426192492
bao,0.00599774202653
mtk,0.0
rms,0.0
iov,0.000423370025402
res,0.0210273779283
lea,0.019122212814
lnt,0.00204628845611
iby,0.000141123341801
nuo,0.0301298334745
alg,0.0
hjl,7.05616709004e-05
ari,0.0934236522721
mut,0.339542760373
aat,0.143945808637
jtt,0.0192633361558
vas,0.137383573243
iri,0.0393734123624
kef,7.05616709004e-05
ira,0.0133361558002
ikr,0.00218741179791
elk,0.0395850973751
ijy,0.00508044030483
uut,0.116920688682
tjh,0.000564493367203
uul,0.105419136325
edk,0.000493931696303
bes,0.00141123341801
joi,0.1144510302
nsi,0.0509455263901
ilg,0.00134067174711
omr,0.000917301721705
ilo,0.0268134349421
tau,0.0172170476997
una,0.0603302286198
eud,0.0194750211685
uni,0.182895850974
uts,0.0317527519052
rpp,0.00458650860852
khy,7.05616709004e-05
vsy,0.00176404177251
ltj,0.0
poo,0.00282246683601
tua,0.0404318374259
uud,0.114874400226
dui,0.00261078182331
vtp,7.05616709004e-05
dua,0.0
iry,0.000282246683601
yal,7.05616709004e-05
rao,0.0155235675981
erm,0.0116426756986
oti,0.0469235111487
ekn,0.00564493367203
ota,0.125529212532
gan,0.00162291843071
eut,0.0336579170195
hme,0.00811459215354
ufi,0.000211685012701
aid,0.0118543607113
iyd,7.05616709004e-05
rgi,0.0
uip,0.00112898673441
iyl,0.000423370025402
iyt,0.00938470222975
ion,0.0196867061812
vuo,0.0909539937906
hdn,0.00218741179791
saj,0.00169348010161
ive,0.0185577194468
psk,0.00105842506351
vom,0.00211685012701
rio,0.00310471351962
kha,0.0
ave,0.00642111205193
chi,0.0
eih,0.0143945808637
fki,0.0
lko,0.0912362404742
sef,0.0170759243579
fka,0.0
paa,0.045300592718
uho,0.0173581710415
pai,0.0530623765171
oin,0.194256279989
diu,7.05616709004e-05
lie,0.0134067174711
odi,0.0213096246119
kir,0.0695738075078
nsa,0.473398250071
voe,7.05616709004e-05
syr,0.00197572678521
boa,0.000352808354502
nis,0.0397967823878
ryg,7.05616709004e-05
vys,0.0
noe,0.00345752187412
moj,0.00677392040644
uju,0.000493931696303
kle,7.05616709004e-05
ofs,0.0
nak,0.0136889641547
vsa,0.0
uje,0.0136184024838
avu,0.0136184024838
mfa,7.05616709004e-05
vic,0.0
mfi,0.0
gda,0.000705616709004
okh,0.0
gdi,7.05616709004e-05
hai,0.0136184024838
efi,0.00867908552075
haa,0.0604007902907
rga,0.000211685012701
vik,0.00938470222975
els,0.0117837990404
opu,0.0165819926616
ure,0.0544736099351
htv,0.00627998871013
mor,0.0107253739769
gub,0.0
ope,0.0491814846176
ypk,0.000211685012701
amp,0.0231442280553
vis,0.0492520462885
eet,0.226361840248
eel,0.032599491956
eed,0.00331639853232
ola,0.0155235675981
pyy,0.0139006491674
tym,0.00917301721705
tvt,0.0236381597516
evi,0.0421253175275
ohe,0.00218741179791
tvl,0.00105842506351
sen,0.632797064634
iji,0.00246965848151
oav,0.00578605701383
esv,0.000211685012701
peu,0.0105136889642
pem,0.000564493367203
vnn,0.000987863392605
oda,0.02194467965
pee,0.00472763195032
nsy,0.000282246683601
ruk,0.0298475867909
oer,0.000917301721705
tae,0.0196867061812
hss,0.00261078182331
tma,0.00112898673441
kpi,0.000282246683601
rus,0.0508749647192
oro,0.00889077053345
obo,0.000141123341801
mfy,7.05616709004e-05
vnv,0.000141123341801
srk,0.00246965848151
tui,0.118966977138
ido,0.0116426756986
gro,7.05616709004e-05
yat,0.000211685012701
ylo,0.000423370025402
yyt,0.0216624329664
jlt,0.000282246683601
ebe,0.00557437200113
ahk,0.00345752187412
sop,0.00472763195032
aeh,0.00225797346881
yyl,0.00218741179791
mml,0.00119954840531
yri,0.00373976855772
usv,0.00508044030483
lok,0.00232853513971
los,0.0253316398532
oli,0.51806378775
hem,0.00846740050804
ahs,0.00127011007621
khi,0.0
rjv,0.000141123341801
svo,0.0278718600056
juk,0.00119954840531
ets,0.0268134349421
kop,0.00451594693762
jus,0.000493931696303
rjn,0.000705616709004
afe,0.000776178379904
lvt,0.00254022015241
ija,0.0749364944962
vht,0.000282246683601
hmm,0.00373976855772
vhl,0.000352808354502
thn,0.017710979396
hnh,0.000211685012701
vhd,0.000141123341801
nnn,0.00726785210274
ood,0.00127011007621
uih,0.00536268698843
myh,0.00105842506351
vsi,0.00119954840531
ohu,0.00296359017782
igv,0.000141123341801
uru,0.00656223539373
tiu,0.00726785210274
lui,0.00910245554615
vou,0.0
tim,0.013477279142
tye,0.00119954840531
ool,0.00381033022862
ary,0.0
tie,0.0661162856336
tam,0.0817104149026
mih,0.00853796217894
aup,0.0683036974316
ejm,7.05616709004e-05
yra,7.05616709004e-05
ube,0.00472763195032
skt,0.000846740050804
dos,0.00261078182331
fsa,7.05616709004e-05
sno,0.00254022015241
pss,0.00437482359582
oty,0.000352808354502
fsi,0.0
hnp,0.0
fis,0.000635055038103
kmn,0.000635055038103
lmy,0.00148179508891
roj,0.00239909681061
ald,0.00493931696303
ptm,7.05616709004e-05
lli,0.157775896133
fip,0.0
ebn,0.000564493367203
lla,0.337073101891
vet,0.0313293818798
auk,0.0273779283093
ddi,0.000141123341801
ved,0.0141123341801
iki,0.0686565057861
yvn,0.00952582557155
mnr,0.000211685012701
urv,0.0111487440023
iuk,0.00670335873553
erv,0.00966694891335
fah,7.05616709004e-05
ius,0.00543324865933
yky,0.00197572678521
din,0.0491109229467
suu,0.132373694609
osk,0.0577194467965
ibb,0.000493931696303
hte,0.0562376517076
lno,0.0
htm,0.000211685012701
plu,0.000564493367203
ohv,7.05616709004e-05
htu,0.0160174992944
lkt,0.00578605701383
nba,0.000493931696303
alt,0.111699125035
sue,0.000635055038103
kem,0.0225797346881
sum,0.0181343494214
ulh,7.05616709004e-05
kum,0.0273779283093
kue,0.00162291843071
lmr,7.05616709004e-05
meg,0.000705616709004
arb,0.000141123341801
esm,0.0
nts,0.00148179508891
meo,0.00268134349421
ler,0.000564493367203
ydt,0.00148179508891
ibr,0.0
ugi,0.0
eke,0.0423370025402
orl,0.000211685012701
oam,0.00423370025402
aki,0.0534857465425
eku,0.00726785210274
ngn,0.000635055038103
rkv,0.0
nel,0.147121083827
vih,0.0767710979396
tav,0.112475303415
ipp,0.0101608806097
rkn,0.000705616709004
ufr,0.000141123341801
use,0.0319644369179
ejv,0.0
usm,0.00303415184872
aus,0.029071408411
nyh,0.0
knl,0.0
eys,0.00832627716624
rbe,7.05616709004e-05
mse,0.000282246683601
giu,0.0
rit,0.0407846457804
oog,0.00472763195032
asy,0.000211685012701
tla,0.0
hen,0.113533728479
nkr,0.0
pmn,0.000211685012701
ytt,0.0937058989557
iio,0.00712672876094
vel,0.136466271521
ibj,7.05616709004e-05
der,0.000846740050804
kyy,0.0175698560542
nne,0.280694326842
dej,0.0
lng,0.000141123341801
deb,0.00148179508891
krp,0.000211685012701
kyi,0.00388089189952
jyl,0.00437482359582
spr,0.000211685012701
vlk,7.05616709004e-05
pro,0.0252610781823
npo,0.000705616709004
uak,0.00409257691222
kee,0.0690798758115
tan,0.226573525261
afn,0.0
enj,0.0138300874965
isi,0.384984476432
rvi,0.0130539091166
phi,0.000705616709004
hot,0.0192633361558
byl,0.000423370025402
ror,7.05616709004e-05
arj,0.029071408411
ryt,0.000705616709004
oss,0.0428309342365
kia,0.060189105278
mas,0.0677392040644
aom,0.000352808354502
yrr,0.000211685012701
hde,0.136184024838
lan,0.143240191928
snt,0.00747953711544
rru,0.000917301721705
omi,0.0556731583404
srp,0.000352808354502
mak,0.0339401637031
idd,0.00204628845611
oau,7.05616709004e-05
egy,0.0387383573243
sso,0.000211685012701
nih,0.000987863392605
egi,0.00211685012701
uoa,0.0
ned,0.0
ega,0.0
vah,0.0154530059272
hol,0.0201100762066
tty,0.0426898108947
jny,0.00366920688682
reh,0.00966694891335
tti,0.28838554897
rdo,0.00352808354502
tta,0.795794524414
gei,0.00430426192492
jid,0.000141123341801
imk,7.05616709004e-05
enr,0.000705616709004
jit,0.00197572678521
asa,0.0255433248659
eth,0.000776178379904
tst,0.0103725656224
sok,0.00776178379904
oks,0.0522861981372
ytl,0.000141123341801
uhl,0.00663279706463
trk,0.000917301721705
uht,0.0329523003105
uhd,0.0135478408129
aka,0.138794806661
nov,0.00465707027942
sii,0.21316680779
ynn,0.0480524978831
ahp,0.000211685012701
eoi,0.00211685012701
ynv,0.0
ann,0.184730454417
hlu,7.05616709004e-05
oim,0.0523567598081
hle,0.00197572678521
goo,0.00564493367203
[mu,0.000211685012701
dst,0.00155235675981
bad,0.00119954840531
smm,0.00416313858312
sme,0.000564493367203
laf,7.05616709004e-05
pun,0.084250635055
sko,0.0497459779848
lub,0.0
ort,0.0340812870449
eht,0.0305532034999
jkn,0.00105842506351
ntk,0.00416313858312
tsl,7.05616709004e-05
ysi,0.0128422241039
puv,0.00402201524132
aek,7.05616709004e-05
isy,0.00585661868473
uoi,0.0
lty,0.00437482359582
eis,0.0946232006774
att,0.188540784646
isa,0.0747248094835
uku,0.0680920124189
onh,0.00352808354502
har,0.0160880609653
ydl,0.000352808354502
nho,0.00966694891335
tej,0.00232853513971
pir,0.00225797346881
onp,0.00324583686142
ioe,0.000211685012701
kok,0.0929297205758
asi,0.226361840248
top,0.00162291843071
lop,0.0168642393452
inv,0.00239909681061
toh,0.000635055038103
jeh,0.00261078182331
rre,0.00945526390065
uas,0.00550381033023
hun,0.0202511995484
lhe,0.0741603161163
yge,0.0
huv,0.00486875529213
nml,7.05616709004e-05
kmu,0.0
ehd,0.0231442280553
uke,0.0122777307367
aag,0.00169348010161
abr,0.016299745978
stn,0.0288597233983
gnp,0.000211685012701
see,0.100409257691
stv,0.00910245554615
hkp,0.00155235675981
ofh,0.000352808354502
lly,0.00889077053345
dan,0.075077617838
leb,0.00134067174711
saa,0.250987863393
eak,0.00268134349421
anv,0.00268134349421
ter,0.0242732147897
lif,0.000423370025402
lin,0.251764041773
fet,0.00246965848151
nah,0.00486875529213
liv,0.151989839119
euo,0.0
luj,0.00705616709004
jni,0.00183460344341
yph,0.000282246683601
pns,0.00493931696303
kaa,0.37694044595
vnm,0.000352808354502
abb,0.00162291843071
ern,0.00493931696303
yhp,7.05616709004e-05
hpi,0.00345752187412
seu,0.0465001411233
fja,0.000141123341801
jup,0.000141123341801
tpu,0.000423370025402
ydd,7.05616709004e-05
lpe,0.00649167372283
abj,0.000776178379904
nls,0.000211685012701
gea,0.0
smu,7.05616709004e-05
rto,0.0186988427886
tkt,0.00500987863393
irr,0.00924357888795
nlk,0.00373976855772
eas,0.0171464860288
inn,0.0739486311036
yms,0.000987863392605
ies,0.0644933672029
jto,0.00141123341801
iek,0.0279424216765
yka,0.000141123341801
lta,0.164197008185
ymk,7.05616709004e-05
hir,0.00296359017782
vtk,0.0239909681061
beh,7.05616709004e-05
dyn,0.000846740050804
hij,0.000776178379904
net,0.159328252893
bat,0.00261078182331
aes,0.010654812306
emo,0.00127011007621
lst,0.00317527519052
rob,0.00472763195032
dav,0.000211685012701
lej,0.00225797346881
bal,0.00451594693762
aao,0.000635055038103
arr,0.00712672876094
job,0.00317527519052
nut,0.281893875247
oma,0.11049957663
nul,0.125811459215
sem,0.0819220999153
itt,0.349915325995
lav,0.00684448207734
lur,0.000211685012701
ysy,0.0412080158058
vkr,0.0
ktn,0.0
irj,0.0458650860852
nvu,0.00402201524132
muo,0.00423370025402
mke,0.000282246683601
iky,0.0293536550946
nip,0.00141123341801
jor,0.00924357888795
gua,7.05616709004e-05
tur,0.0257550098786
vap,0.0174287327124
haj,0.0123482924076
hpa,0.0
tuj,0.0129833474457
add,0.00190516511431
pte,0.000282246683601
acq,0.0
vri,0.00578605701383
ild,0.000282246683601
vul,0.00373976855772
ika,0.120731018911
ilt,0.0394439740333
tli,0.000564493367203
jil,0.00903189387525
rps,0.000211685012701
pot,0.00134067174711
rad,0.000564493367203
pol,0.0513688964155
non,0.0360570138301
joj,0.00536268698843
fra,0.0115015523568
okk,0.00416313858312
all,0.264535704205
lti,0.0129833474457
bbe,0.000564493367203
ims,0.00282246683601
aph,0.000282246683601
vts,0.000141123341801
bbu,0.0
ral,0.0266723116003
nri,0.00112898673441
bit,0.00204628845611
nra,0.000564493367203
aky,0.00649167372283
bna,0.00127011007621
hmn,0.00105842506351
gae,0.0
adl,7.05616709004e-05
hdu,0.00889077053345
ysa,0.000635055038103
rat,0.0296359017782
aio,0.00246965848151
eik,0.116850127011
eyk,7.05616709004e-05
ill,0.756773920406
vof,0.0
ivn,0.0697149308496
bil,0.0111487440023
iom,0.00218741179791
ivv,0.00141123341801
rid,0.000352808354502
lyn,0.00451594693762
sai,0.0511572114028
par,0.0279424216765
vut,0.00980807225515
kso,0.00712672876094
bor,0.00112898673441
paj,0.00204628845611
bid,7.05616709004e-05
kiy,0.00119954840531
fon,7.05616709004e-05
syi,0.0146768275473
ypp,0.00112898673441
kii,0.0652695455828
jat,0.0635055038103
syy,0.0294947784364
unj,0.00105842506351
vyp,7.05616709004e-05
odj,0.0
ept,0.000987863392605
kko,0.0411374541349
epl,0.000141123341801
tkl,0.000987863392605
esu,0.0595540502399
knt,0.0223680496754
efr,0.0116426756986
lda,0.000493931696303
tjk,0.0
umo,0.00275190516511
tmr,0.000211685012701
hjo,0.0134067174711
yes,0.00112898673441
moa,0.00571549534293
avv,7.05616709004e-05
elh,0.000846740050804
hab,0.00945526390065
nap,0.00550381033023
mys,0.0678097657353
bni,0.000352808354502
elp,0.00620942703923
app,0.0588484335309
rni,0.00232853513971
rna,0.00839683883714
ljk,0.00889077053345
moi,0.0477702511995
ams,0.000352808354502
mis,0.160316116286
jyt,0.000846740050804
vip,0.000141123341801
eeg,0.0
vsr,0.0
fne,0.0
olj,0.00204628845611
tyn,0.0458650860852
nve,7.05616709004e-05
vry,0.00606830369743
njy,0.000705616709004
bre,0.00239909681061
kme,7.05616709004e-05
pev,0.000141123341801
kmm,0.00740897544454
sia,0.0812164832063
pen,0.0101608806097
dda,0.00105842506351
kai,0.434024837708
ruh,0.0182754727632
jal,0.0453711543889
rep,0.00486875529213
upl,0.0
ril,0.0457945244143
ple,0.00218741179791
rup,0.00712672876094
ljs,0.00966694891335
von,0.016299745978
ylt,0.00359864521592
dla,0.000141123341801
idt,0.0937764606266
idl,0.0
tjs,0.000282246683601
kuu,0.148602878916
yll,0.0281541066892
yrj,0.00190516511431
fel,0.00155235675981
ppa,0.0229325430426
rrm,7.05616709004e-05
gog,7.05616709004e-05
ppi,0.0482641828959
nja,0.014182895851
sos,0.00169348010161
ppy,0.00127011007621
tyv,0.0107253739769
myk,0.00522156364663
hev,0.00769122212814
loh,0.00635055038103
usu,0.00966694891335
gie,0.000423370025402
mmo,0.0122071690658
gim,0.0
rju,0.00952582557155
juh,0.00747953711544
urn,0.00112898673441
rje,0.0157352526108
sdn,0.000141123341801
fry,7.05616709004e-05
vne,7.05616709004e-05
keu,0.0409257691222
etp,0.0
uth,0.0
kos,0.0945526390065
hnk,0.00261078182331
lvo,0.00924357888795
lpu,0.00119954840531
dti,0.000141123341801
rva,0.0232147897262
uik,0.00282246683601
pyr,0.00557437200113
uis,0.0507338413774
nnu,0.0633643804685
hpy,0.000776178379904
vja,0.000141123341801
tiv,0.0941292689811
mrn,0.00472763195032
tin,0.113886536833
jad,0.00395145357042
bdo,7.05616709004e-05
tif,0.000211685012701
otb,0.0
ekm,0.000211685012701
ejn,0.000423370025402
vov,0.000705616709004
kvt,0.00169348010161
ese,0.0168642393452
jva,0.0
mik,0.0718317809766
ord,0.012771662433
age,0.000211685012701
gam,0.000211685012701
hns,0.00148179508891
tub,0.000776178379904
svt,0.0
yki,0.000987863392605
lyv,0.000493931696303
eda,0.00451594693762
vue,0.0
mns,0.00973751058425
mnk,0.00762066045724
ros,0.00352808354502
oad,0.000141123341801
veu,0.00310471351962
lke,0.0710556025967
uop,0.0100197572679
aur,0.0255433248659
ebo,0.00141123341801
vem,0.000917301721705
llp,0.0
fai,0.000635055038103
nmu,0.00105842506351
faa,0.00148179508891
pik,0.00599774202653
evk,0.000564493367203
upe,0.0151707592436
oje,0.0683036974316
puo,0.0521450747954
ety,0.0124894157494
upu,0.0590601185436
tek,0.118896415467
htl,0.000564493367203
plt,0.00134067174711
rui,0.00112898673441
tes,0.0305532034999
pyk,0.000776178379904
thd,0.0544030482642
nem,0.0210979395992
rma,0.0472763195032
kut,0.0441716059836
kul,0.0893310753599
neu,0.0163703076489
hky,0.00261078182331
kel,0.0925769122213
obe,0.00529212531753
nks,0.00578605701383
men,0.30482641829
ova,0.168783516794
hki,0.00642111205193
hka,0.00564493367203
dio,0.0
tnn,0.0141123341801
tmk,0.00169348010161
mef,0.000423370025402
akp,0.000352808354502
kih,0.00127011007621
orm,0.00543324865933
ekt,0.00141123341801
euf,0.000141123341801
oju,0.00127011007621
apy,7.05616709004e-05
lus,0.0214507479537
ipi,0.0103020039515
oal,0.00141123341801
snu,7.05616709004e-05
api,0.030482641829
ihi,0.0483347445668
apa,0.0463590177815
pll,0.0369743155518
lms,0.00592718035563
usl,0.0139006491674
vmm,0.000987863392605
vee,0.00331639853232
hug,0.0
adm,0.000776178379904
iiv,0.0150296359018
bea,0.00980807225515
oon,0.169630256844
aav,0.128351679368
nyi,0.00119954840531
iif,0.000705616709004
yiv,0.023355913068
nrp,0.000211685012701
iin,0.727349703641
vnt,0.00119954840531
lku,0.00472763195032
eta,0.0560965283658
heo,0.0
des,0.0959638724245
syp,7.05616709004e-05
dek,0.0282246683601
ytu,0.000282246683601
kri,0.0312588202089
ian,0.0643522438611
ula,0.0157352526108
ysp,0.000423370025402
ymr,0.000141123341801
kyh,0.00740897544454
akh,0.0
jei,0.000705616709004
uar,0.000282246683601
ofa,0.00112898673441
osr,0.000211685012701
mpe,0.00127011007621
ehu,0.00684448207734
tao,0.00141123341801
iej,0.0
kyp,0.00246965848151
enk,0.142322890206
npn,0.000352808354502
esl,7.05616709004e-05
hou,0.00289302850692
ked,0.00790290714084
sih,0.000635055038103
ovi,0.0186988427886
mar,0.0344340953994
slo,0.0
lag,0.000282246683601
aot,0.00684448207734
ark,0.0423370025402
ntj,0.000423370025402
maj,0.0167936776743
lhd,0.0103020039515
vuu,0.00282246683601
yrs,0.00225797346881
lhl,0.00204628845611
lao,0.000705616709004
aiv,0.08072255151
mpu,0.00663279706463
rrt,0.000352808354502
oat,0.00324583686142
itm,0.00317527519052
ite,0.0884843353091
ens,0.289302850692
nii,0.611769686706
aha,0.0965989274626
nee,0.184518769404
lmk,0.000211685012701
vai,0.145286480384
itu,0.0426192492238
jie,0.00797346881174
imj,0.0
aod,0.000282246683601
tpl,0.0
fia,0.000493931696303
nme,0.000141123341801
uoh,0.00677392040644
kne,0.000141123341801
uhe,0.0103725656224
uhm,0.000282246683601
agd,0.000776178379904
kkn,0.00310471351962
eti,0.0267428732712
mst,0.0100903189388
okj,0.0
euv,0.0140417725092
jtn,0.000846740050804
kra,0.000705616709004
ony,0.000211685012701
ltp,0.000987863392605
ifo,7.05616709004e-05
ofi,0.00112898673441
hyk,0.00627998871013
hlt,0.00119954840531
tth,7.05616709004e-05
oil,0.0563787750494
mbo,0.0
gon,0.00959638724245
obu,0.0
ipa,0.0112898673441
hys,0.00169348010161
aer,0.0
rea,0.00508044030483
asp,0.000917301721705
jos,0.136819079876
oru,0.00924357888795
aif,0.000423370025402
mmn,0.0116426756986
ore,0.0251199548405
skn,0.00719729043184
ate,0.0222974880045
omp,0.00430426192492
sry,0.0
isp,0.00635055038103
tsm,7.05616709004e-05
atu,0.0346457804121
nia,0.0242026531188
fii,0.000423370025402
oni,0.0870731018911
vaa,0.165255433249
eir,0.0200395145357
adu,0.00536268698843
ars,0.00797346881174
hll,0.00529212531753
toi,0.233135760655
iha,0.0719023426475
aol,0.00190516511431
tpt,7.05616709004e-05
has,0.0330934236523
koj,0.0246260231442
ydm,0.0328817386396
yin,0.00416313858312
pis,0.0165819926616
jea,0.0
gid,0.00338696020322
toa,0.0201806378775
rso,0.00352808354502
ash,0.000564493367203
huo,0.0363392605137
eli,0.424075642111
uda,0.0825571549534
yte,0.0165114309907
udi,0.00529212531753
dth,0.0
sto,0.0357042054756
ysh,0.00225797346881
num,7.05616709004e-05
kmt,0.000141123341801
uuv,0.000635055038103
bei,0.0
dnn,0.000211685012701
eop,0.0
rae,0.154036127576
abs,0.00642111205193
soj,0.0141123341801
ram,0.024061529777
rau,0.0266017499294
ket,0.0239909681061
sap,0.00642111205193
sps,0.000282246683601
rok,0.00388089189952
nue,0.000423370025402
pom,0.000776178379904
lio,0.00670335873553
feu,0.000282246683601
ypa,0.000493931696303
ypi,0.000211685012701
tke,0.0167936776743
ust,0.118543607113
otk,0.191716059836
kah,0.0401495907423
alu,0.0259666948913
kap,0.0145357042055
luk,0.02194467965
vii,0.103725656224
eaj,0.000352808354502
alm,0.0182049110923
tse,0.188046852949
vyi,0.00134067174711
doa,0.0
klo,0.000141123341801
mro,0.000352808354502
kji,0.0
vks,0.00980807225515
pky,0.0
pka,0.000423370025402
ijs,7.05616709004e-05
yde,0.0255433248659
eef,0.00218741179791
uen,0.00402201524132
ier,0.0179226644087
sut,0.0222269263336
iyn,0.000352808354502
ino,0.0362686988428
his,0.0232853513971
bma,0.000141123341801
uaj,7.05616709004e-05
ssn,0.0313999435507
amj,0.0
hik,0.00366920688682
kud,0.00211685012701
ehm,0.00119954840531
emn,0.0570843917584
ero,0.027589613322
bae,0.00127011007621
lse,0.000141123341801
bam,7.05616709004e-05
set,0.201030200395
nuu,0.00874964719165
lnn,0.00423370025402
rmi,0.00585661868473
aan,0.763406717471
muv,0.00148179508891
irs,0.00635055038103
tkm,0.00303415184872
irk,0.0182754727632
rko,0.0164408693198
mun,0.00797346881174
iot,0.00818515382444
yvo,0.0
lek,0.0167231160034
uns,0.0246260231442
tus,0.0703499858877
ale,0.0541913632515
uun,0.0564493367203
ikh,0.000987863392605
opo,0.00119954840531
kja,0.000705616709004
ilm,0.0957521874118
sip,0.00832627716624
ujo,0.0
rtn,0.00239909681061
ade,0.00592718035563
mev,0.000635055038103
unk,0.0335167936777
vvt,0.0
jim,0.00169348010161
pou,0.000141123341801
edi,0.00388089189952
imr,0.00155235675981
ang,0.0186988427886
nsk,0.00225797346881
kba,0.0
duk,0.00112898673441
ylm,0.000282246683601
ing,0.0852384984476
noo,0.0775472763195
ely,0.00119954840531
dus,0.00423370025402
ano,0.302003951454
ykh,0.000141123341801
idu,0.00423370025402
gat,0.00536268698843
psi,0.0244143381315
gal,0.00458650860852
uuf,0.000564493367203
gbe,0.0
gad,0.000423370025402
biu,0.0
mla,0.000423370025402
ndr,0.000564493367203
mli,0.0
jso,7.05616709004e-05
ain,0.22960767711
ipy,0.00324583686142
eij,0.00564493367203
llh,0.000282246683601
bos,0.00141123341801
les,0.05877787186
lvv,0.0
ivo,0.0170759243579
okr,0.000635055038103
jok,0.331428168219
rie,0.0256138865368
tku,0.00613886536833
pas,0.0135478408129
kob,0.0225797346881
mta,0.000141123341801
iol,0.00444538526672
ilu,0.00656223539373
viy,0.0
pak,0.039655659046
sah,0.00317527519052
tsu,0.0398673440587
kkv,0.000352808354502
evs,0.00105842506351
oid,0.0227208580299
ksn,0.00620942703923
naa,0.0607535986452
ona,0.0428309342365
amb,7.05616709004e-05
oit,0.215565904601
oho,0.0258961332204
rtv,0.00472763195032
lkm,0.00176404177251
yhi,0.0222269263336
sed,0.00105842506351
yan,0.000282246683601
epu,0.00148179508891
yhy,0.00310471351962
jau,0.00416313858312
uhu,0.0864380468529
epe,0.00169348010161
riu,0.00176404177251
ypy,0.000846740050804
oov,0.0
vog,0.0
lht,0.068021450748
via,0.0109370589896
est,0.20378210556
hjn,0.00155235675981
hom,7.05616709004e-05
hak,0.0118543607113
ela,0.0476291278577
jnp,0.0
hrv,0.0
igd,0.000282246683601
idm,0.000211685012701
aaf,0.00303415184872
psa,0.000282246683601
bim,0.00338696020322
bie,0.00155235675981
myr,0.00289302850692
psy,0.000987863392605
ich,0.0
amr,0.00105842506351
mir,0.00112898673441
nhn,0.0126305390912
eun,0.00289302850692
eev,0.0187694044595
een,0.295653401073
jym,0.000705616709004
vss,0.00162291843071
htt,0.0
olk,0.0634349421394
tvn,0.00592718035563
ish,0.000987863392605
koz,0.0
ots,0.00112898673441
ijk,0.0
efk,0.0
tms,0.00268134349421
sud,0.000352808354502
ear,0.00105842506351
gva,0.000141123341801
ptt,0.00543324865933
peo,0.000211685012701
foo,0.000141123341801
tht,0.00649167372283
hsa,0.000776178379904
bok,0.000141123341801
lgi,0.0
rua,0.000635055038103
fee,0.023355913068
sel,0.108594411516
nmm,0.000282246683601
jam,0.0133361558002
sra,0.155094552639
sri,0.000987863392605
rim,0.00670335873553
edy,0.000282246683601
ngo,0.0131950324584
yjs,0.000635055038103
yle,0.0133361558002
ide,0.0993508326277
voo,0.000635055038103
yyv,0.000141123341801
hsi,0.000423370025402
ahi,0.0251199548405
sor,0.0117837990404
yrk,0.00359864521592
yyn,0.0199689528648
hrn,0.00211685012701
git,0.00924357888795
tuk,0.087849280271
loi,0.131879762913
avo,0.00769122212814
sne,0.000141123341801
ehe,0.0640699971775
ouh,0.0149590742309
gil,0.0124894157494
vyy,0.00825571549534
jua,0.00105842506351
jui,0.00254022015241
doi,0.00388089189952
sba,0.000352808354502
sdo,0.00119954840531
uta,0.0846740050804
ytm,0.00155235675981
uli,0.190939881456
uti,0.0136184024838
nyy,0.0
uro,0.00719729043184
vhn,0.00479819362122
sja,0.00324583686142
lvn,0.00479819362122
nnl,0.000282246683601
kor,0.0524978831499
uij,0.000423370025402
tlh,7.05616709004e-05
oof,0.00225797346881
sul,0.0153824442563
kry,0.0
loa,0.00465707027942
nnt,0.00303415184872
law,0.0
ymb,0.000423370025402
igt,7.05616709004e-05
jey,0.0
hmo,0.00296359017782
nai,0.0544030482642
pys,0.0325289302851
epm,0.000352808354502
ibs,0.000141123341801
tio,0.0200395145357
lga,0.00141123341801
erg,0.000282246683601
kve,0.00141123341801
ile,0.0361981371719
jae,0.00381033022862
kvu,0.000493931696303
rei,0.0110781823314
nkk,0.0107959356478
rnp,0.0
nss,0.0421253175275
sve,0.00423370025402
afo,0.000141123341801
jmi,0.0
svu,0.00536268698843
mij,0.0
kip,0.00296359017782
ptk,0.00127011007621
umy,0.0
vop,0.000141123341801
alb,7.05616709004e-05
kao,0.0
osm,7.05616709004e-05
rol,0.00232853513971
rot,0.0248377081569
nop,0.00910245554615
aue,0.00105842506351
aum,0.00599774202653
ego,0.000493931696303
mae,0.00176404177251
ddo,0.00169348010161
vej,0.000141123341801
ium,0.00508044030483
edn,0.00409257691222
evl,0.00211685012701
mpr,0.0220858029918
erp,0.000493931696303
iuu,0.0
jhe,0.000564493367203
tml,0.00183460344341
fha,0.000352808354502
hyt,0.00225797346881
llo,0.102526107818
pil,0.0275190516511
evt,0.0203217612193
uei,0.000141123341801
ulv,0.00204628845611
htk,0.00522156364663
hts,0.000141123341801
nmr,0.000423370025402
yrl,7.05616709004e-05
tet,0.132655941293
sus,0.0373976855772
nej,0.000493931696303
pts,0.000846740050804
neb,0.00543324865933
tlo,7.05616709004e-05
kuk,0.0972339825007
yjt,0.000211685012701
ner,0.00423370025402
mea,0.00232853513971
orr,0.00388089189952
pyd,0.00225797346881
lel,0.025472763195
lkr,0.000141123341801
gga,0.000635055038103
ver,0.0428309342365
mey,0.00536268698843
ref,0.00119954840531
ekk,0.012771662433
ded,0.000564493367203
bot,0.00155235675981
rda,0.00917301721705
asg,0.000141123341801
bod,0.000141123341801
ard,0.000705616709004
esk,0.0414902624894
ntu,0.0277307366638
ksy,0.00635055038103
mie,0.193127293254
jrk,0.00134067174711
apn,0.000211685012701
vuj,0.0
rkh,0.0
ugo,0.0
lut,0.0932119672594
dna,0.0
mma,0.0433248659328
oak,0.00155235675981
usk,0.0503810330229
vhy,0.0
fer,0.000846740050804
jaj,7.05616709004e-05
ooa,0.0301298334745
voh,0.000776178379904
nkl,0.000564493367203
vpa,0.000282246683601
tut,0.0395850973751
ibl,0.000493931696303
hra,0.0244848998024
pid,0.0200395145357
det,0.0301298334745
del,0.0490403612758
ivp,0.000282246683601
tni,0.00578605701383
hid,0.000423370025402
tap,0.0457945244143
etf,7.05616709004e-05
heh,0.00239909681061
krv,0.000352808354502
raj,0.00973751058425
ytr,0.00762066045724
spl,0.0
krn,0.000564493367203
lov,0.000352808354502
hit,0.0165819926616
tah,0.0472057578323
sht,0.00197572678521
hob,0.000564493367203
ako,0.100903189388
jen,0.0968811741462
hoj,0.00790290714084
osu,0.0166525543325
fle,0.000141123341801
lna,0.000211685012701
nyn,0.00112898673441
ehr,0.000211685012701
iso,0.0269545582839
sio,0.00423370025402
iem,0.0211685012701
abd,0.000705616709004
lah,0.0196161445103
iue,7.05616709004e-05
pri,0.0217329946373
aok,0.000141123341801
aos,0.00148179508891
pat,0.0125599774203
lap,0.0374682472481
bar,0.00352808354502
ylj,0.00860852384984
rvo,0.0125599774203
mnt,0.00726785210274
arl,0.000282246683601
ntm,0.00204628845611
fan,0.00395145357042
itj,0.000352808354502
vur,0.000211685012701
yrt,0.00359864521592
enl,0.00246965848151
tto,0.0829099633079
nha,0.026883996613
oas,0.0175698560542
itr,0.000423370025402
pup,7.05616709004e-05
jib,0.000282246683601
hil,0.0146062658764
ent,0.151354784081
imm,0.0784645780412
imu,0.00239909681061
van,0.166737228338
hor,0.00324583686142
fin,0.00952582557155
kky,0.00204628845611
ppo,0.00500987863393
uhj,0.00155235675981
kki,0.251905165114
rdi,0.000211685012701
orj,0.02194467965
hyd,0.00134067174711
kka,0.128139994355
ynh,0.00232853513971
etn,0.0245554614733
sou,0.000211685012701
vro,0.000211685012701
jti,0.000564493367203
kek,0.00846740050804
iaa,0.0245554614733
hyl,0.0157352526108
lfi,7.05616709004e-05
oku,0.0201100762066
mau,0.00423370025402
goi,0.00239909681061
iia,0.00303415184872
nhy,0.000141123341801
rev,0.00416313858312
ren,0.0554614733277
shd,0.000282246683601
bla,0.000423370025402
puh,0.112475303415
npa,0.0101608806097
rla,0.000282246683601
lml,0.00225797346881
bun,0.0
iai,0.00543324865933
nte,0.077900084674
mnl,7.05616709004e-05
ynp,7.05616709004e-05
aem,0.00134067174711
atj,0.000564493367203
atr,0.000776178379904
hdk,0.00303415184872
isg,0.000423370025402
ski,0.0587073101891
yjl,0.0
lud,0.000564493367203
onn,0.0290008467401
koe,0.00684448207734
nhi,0.0114309906859
ihn,0.00282246683601
tel,0.117061812024
onv,0.000564493367203
kom,0.00994919559695
mam,0.000705616709004
tov,0.00508044030483
adr,0.000917301721705
ukk,0.0499576629975
ton,0.0567315834039
jef,0.00261078182331
tof,0.00197572678521
hat,0.0423370025402
udv,0.000211685012701
ted,0.00190516511431
pit,0.0711261642676
huh,0.000141123341801
hup,0.000211685012701
oga,0.00232853513971
aso,0.00190516511431
kou,0.0112898673441
inp,0.00882020886255
aai,0.0124188540785
eln,0.00444538526672
kth,0.00218741179791
lni,0.00148179508891
aay,0.0
rab,0.00310471351962
epr,0.000141123341801
nns,0.00529212531753
sag,0.000282246683601
ose,0.0738075077618
vte,0.0
anp,0.0139006491674
eam,0.017710979396
pry,0.00141123341801
mim,0.00119954840531
nde,0.000211685012701
som,0.00578605701383
nub,7.05616709004e-05
eft,0.00169348010161
anh,0.0615297770251
lip,0.014182895851
ipn,0.00148179508891
tny,0.0378210556026
tyh,0.0126305390912
eae,0.0
rhu,0.00373976855772
vns,0.00472763195032
bda,0.0
rhe,0.0169348010161
nlu,0.000705616709004
don,0.0230736663844
aia,0.00190516511431
nan,0.0942703923229
dof,0.0
lul,0.00345752187412
urp,0.00352808354502
vin,0.0357042054756
ogi,0.00190516511431
alj,0.0443832909963
rta,0.0462178944397
yso,0.0
kus,0.00613886536833
rti,0.0320349985888
nle,0.00183460344341
rty,0.00592718035563
ses,0.134137736382
ngh,0.000141123341801
hri,0.0469940728196
ytj,0.000141123341801
ymm,0.10894721987
eea,0.00183460344341
ssy,0.00338696020322
rpe,0.00169348010161
ssi,0.0186282811177
ben,0.0153824442563
ssa,0.334462320068
elf,7.05616709004e-05
ema,0.0618120237087
jta,0.0
uam,0.000423370025402
emi,0.0547558566187
oke,0.00557437200113
vst,0.00783234546994
bab,0.000705616709004
baj,0.000141123341801
trm,7.05616709004e-05
lny,0.000352808354502
tfa,7.05616709004e-05
nur,0.00183460344341
upr,0.0
nuj,0.00359864521592
led,0.000141123341801
rmn,0.000282246683601
jty,0.000776178379904
irt,0.0167231160034
rod,0.00366920688682
mua,0.00190516511431
mtn,0.00155235675981
mui,0.0452300310471
jot,0.227490826983
mei,0.141193903472
omo,0.0196161445103
tul,0.32677109794
ime,0.0930002822467
nav,0.000846740050804
jol,0.0316116285634
unt,0.0479819362122
viv,0.00317527519052
ilj,0.0105842506351
ilr,0.0
hkn,0.00423370025402
niv,0.0258961332204
ksa,0.0222269263336
rpu,0.000846740050804
erh,0.0121366073949
vav,0.00437482359582
sky,0.0313999435507
por,0.0256138865368
poj,0.0376093705899
uie,0.0
hvu,0.000987863392605
dul,0.00119954840531
iko,0.0405023990968
fro,0.000776178379904
nsl,0.000352808354502
stp,0.000282246683601
dut,0.0119249223822
nro,7.05616709004e-05
uim,0.0160880609653
gas,0.0767005362687
noh,7.05616709004e-05
uma,0.247177533164
hmh,0.0
ggi,0.000493931696303
ott,0.182895850974
okm,0.0
hds,0.00112898673441
lto,0.00663279706463
elv,0.0176404177251
amm,0.0781117696867
tre,0.00818515382444
bli,0.00105842506351
uua,0.00550381033023
aya,7.05616709004e-05
rar,0.00331639853232
eim,0.0182049110923
lmt,0.00508044030483
bir,0.00119954840531
hba,0.0
rir,0.000423370025402
rij,0.000352808354502
rno,0.00112898673441
rib,0.00176404177251
npi,0.00980807225515
let,0.147050522156
lyh,0.00218741179791
pad,0.000846740050804
dru,0.0
sjn,7.05616709004e-05
pal,0.171676545301
oik,0.123130115721
dah,7.05616709004e-05
ios,0.00430426192492
kio,0.00183460344341
sao,0.0
tje,0.000141123341801
ois,0.228408128704
yhn,0.00917301721705
eks,0.108594411516
ofn,0.000352808354502
ksi,0.37694044595
epj,0.00310471351962
uhr,0.0781823313576
vyn,0.00112898673441
lih,0.021239062941
hjy,7.05616709004e-05
jar,0.000705616709004
hja,0.0143945808637
rkp,0.000352808354502
hji,0.00254022015241
hal,0.0603302286198
psv,7.05616709004e-05
had,0.00352808354502
ska,0.119460908834
efl,0.0
adj,0.000917301721705
opp,0.0201100762066
hve,0.000705616709004
ame,0.00649167372283
moo,0.0656223539373
kpt,0.000352808354502
amu,0.0220858029918
jyr,0.000917301721705
lje,0.048193621225
ico,0.0
ipv,7.05616709004e-05
lju,0.000987863392605
dvi,0.000211685012701
ijt,0.00127011007621
oll,0.174851820491
tvi,0.0129127857748
tva,0.000917301721705
tmt,0.00486875529213
ahn,0.000776178379904
pep,7.05616709004e-05
kms,0.0
hep,0.000141123341801
umi,0.0291419700819
run,0.00804403048264
vnk,0.000211685012701
ruf,7.05616709004e-05
que,0.0
mmi,0.0506632797065
oeg,7.05616709004e-05
bol,0.000141123341801
jyj,0.000282246683601
idr,0.000776178379904
sek,0.107253739769
idj,0.0
pyl,0.00585661868473
obr,0.0
ijl,7.05616709004e-05
npy,0.00119954840531
soe,0.000776178379904
mss,0.00395145357042
nsd,0.0
ahv,0.0125599774203
kes,0.0653401072537
tvy,0.000493931696303
nst,0.00119954840531
art,0.0613180920124
gis,0.00853796217894
typ,0.000211685012701
lon,0.0241320914479
mks,0.00310471351962
aii,7.05616709004e-05
uss,0.0241320914479
gik,0.000846740050804
goa,0.0
rjs,0.000211685012701
njo,0.00141123341801
jun,0.000211685012701
juv,0.00134067174711
fjo,0.0
fde,0.0
vhi,0.00268134349421
olt,0.0438893593
lvi,0.0207451312447
nnk,0.00705616709004
uks,0.169771380186
urh,0.0176404177251
kht,0.000493931696303
inh,0.00500987863393
dre,0.00119954840531
lva,0.00402201524132
khd,0.000141123341801
naf,0.00289302850692
etv,0.00176404177251
vsl,0.0
tip,0.00127011007621
emy,7.05616709004e-05
suk,0.0777589613322
tih,0.00127011007621
unl,0.00119954840531
lof,0.000352808354502
mrh,7.05616709004e-05
yme,0.000211685012701
nvk,0.000141123341801
ruv,0.00134067174711
nin,0.311459215354
ooi,0.000141123341801
pyt,0.00268134349421
thk,0.00134067174711
peh,0.000352808354502
ess,0.178097657353
hne,0.571972904318
ilb,0.000352808354502
hvm,0.0
jmn,0.000141123341801
iok,0.00430426192492
jab,0.000493931696303
bdi,0.000423370025402
nkt,0.00324583686142
plk,0.0
rom,0.00169348010161
sly,0.000705616709004
ost,0.0836861416878
aju,0.00458650860852
dmm,0.00112898673441
lln,0.0161586226362
sol,0.00211685012701
rou,0.00430426192492
alk,0.0513688964155
ves,0.019122212814
afi,0.00373976855772
tya,0.000493931696303
aul,0.0383855489698
gab,0.000282246683601
aut,0.101326559413
vek,0.00451594693762
esb,0.00204628845611
vll,0.00867908552075
iud,0.000564493367203
roe,0.000705616709004
tue,0.00381033022862
ava,0.199760090319
oab,0.0196161445103
iut,0.00127011007621
kla,0.00119954840531
dii,0.00183460344341
hym,0.000141123341801
esj,0.0
ebi,0.00296359017782
jht,0.0
tsk,0.00119954840531
ups,0.000282246683601
osl,0.0
tem,0.0476996895286
tee,0.145286480384
kli,0.000846740050804
pim,0.0104431272933
tnh,0.0
pmi,0.0152413209145
asv,0.0432543042619
ufu,0.0
nek,0.00712672876094
kur,0.0175698560542
nll,0.000776178379904
kuj,0.00500987863393
rac,0.0
syn,0.0896838837144
nes,0.0580016934801
dem,0.00134067174711
sur,0.0390206040079
ydk,0.00169348010161
ysn,0.0
jac,0.0
meh,0.00225797346881
jhd,0.0
ntt,0.00437482359582
hko,0.00134067174711
nnj,0.0
pym,0.000423370025402
yds,0.000564493367203
aud,0.0413491391476
lnh,0.00134067174711
evm,0.000776178379904
ekj,0.000564493367203
lks,0.00889077053345
eil,0.159751622918
sjo,0.000423370025402
ekr,0.00127011007621
lmm,0.00289302850692
reg,0.000564493367203
vig,0.000211685012701
vio,0.00423370025402
yvy,0.00522156364663
rka,0.0187694044595
rki,0.019827829523
iva,0.499506068304
are,0.0297064634491
tmm,0.00451594693762
eyd,0.00677392040644
yje,0.00324583686142
mid,0.00416313858312
dnh,0.0
sbo,0.00254022015241
kub,0.000141123341801
eyt,0.00515100197573
jnn,0.0111487440023
jvn,7.05616709004e-05
luu,0.0182049110923
omf,0.0
nke,0.065128422241
vhp,0.000282246683601
lyy,0.000423370025402
mad,0.000635055038103
nkm,0.00141123341801
voi,0.134984476432
muh,0.00148179508891
oop,0.000423370025402
deu,0.00112898673441
dnp,0.000141123341801
iih,0.0508044030483
obk,0.0
lmu,0.0110076206605
tnp,0.0
ibe,0.00437482359582
yvi,0.0172170476997
ulo,0.0344340953994
kly,0.000282246683601
taa,0.371789443974
kyn,0.0278012983347
pie,0.0278012983347
uat,0.000564493367203
ids,0.00105842506351
ual,0.00239909681061
vtt,0.000493931696303
kyv,0.00585661868473
yfa,0.0
pua,0.00522156364663
ene,0.127293254304
rak,0.0707733559131
enm,0.000987863392605
kod,0.00162291843071
tai,0.193338978267
kro,0.00134067174711
enu,0.00515100197573
rys,0.0125599774203
ats,0.0508749647192
gir,7.05616709004e-05
mat,0.0888371436636
snk,0.00197572678521
sns,0.0261078182331
mal,0.247883149873
ryk,0.00331639853232
abe,0.0222269263336
ils,0.000141123341801
mja,0.000493931696303
sli,0.00261078182331
ani,0.155729607677
teu,0.0168642393452
keb,0.0
dgo,0.0
hie,0.00755009878634
itk,0.0369743155518
phn,0.00282246683601
uvu,0.0158058142817
afa,0.00599774202653
ttn,0.0337990403613
its,0.221140276602
yyp,0.000493931696303
uov,0.00733841377364
lai,0.237016652554
iml,0.000282246683601
him,0.0210273779283
jis,0.00860852384984
uon,0.0447360993508
hos,0.00465707027942
nga,0.0829099633079
okt,0.000211685012701
noa,0.0258961332204
aho,0.00931414055885
okd,0.0
shu,0.00134067174711
yni,0.00105842506351
yna,0.00395145357042
fag,7.05616709004e-05
sin,0.697008185154
ifa,0.00119954840531
ifi,0.000705616709004
oun,7.05616709004e-05
gun,0.0
puy,0.0
ouv,0.0
jky,0.00867908552075
dss,0.00176404177251
yyh,0.00585661868473
kaf,7.05616709004e-05
aje,0.00275190516511
she,0.000141123341801
log,0.0
pui,0.0189810894722
eon,0.00839683883714
ors,0.00225797346881
bki,0.0
col,0.0
ntl,0.000141123341801
udg,0.0
lme,0.0581428168219
iah,0.000211685012701
ltv,0.00148179508891
atk,0.0451594693762
daa,0.0798758114592
trt,0.00105842506351
isn,0.0476291278577
ltn,0.0107959356478
syv,0.0144651425346
jou,0.0626587637595
ono,0.00218741179791
mit,0.175275190517
ong,7.05616709004e-05
fyg,0.0
dia,0.00783234546994
rky,0.00134067174711
iho,0.0287186000564
nag,0.00331639853232
laa,0.0495342929721
aru,0.0112898673441
lue,0.0131950324584
kol,0.0706322325713
ibm,0.000141123341801
yih,0.000141123341801
ovo,0.000987863392605
ukj,0.0
dee,0.000493931696303
kot,0.0224386113463
hea,0.000423370025402
hua,0.00409257691222
eit,0.206745695738
hui,0.0315410668925
odu,0.000493931696303
too,0.0142534575219
fuk,0.0
udo,0.00733841377364
kkp,0.000564493367203
yho,0.0
sta,0.726644086932
sti,0.130539091166
hei,0.391687835168
aap,0.00882020886255
dtn,7.05616709004e-05
sty,0.0596246119108
nuk,0.00599774202653
asn,7.05616709004e-05
ana,0.141123341801
saf,0.00691504374824
thr,7.05616709004e-05
ras,0.0558142816822
ysv,0.00197572678521
sav,0.00493931696303
rsi,0.0287186000564
lia,0.0256844482077
lii,0.05172170477
rmo,0.0256844482077
liy,0.000635055038103
abu,7.05616709004e-05
mba,0.000423370025402
tyi,0.0673863957099
kan,0.302427321479
sdy,0.000282246683601
ker,0.0486875529213
ipo,0.00162291843071
kav,0.00649167372283
ery,0.000635055038103
spu,0.00324583686142
bsa,0.00656223539373
dai,0.000846740050804
sub,0.000493931696303
lee,0.16539655659
mry,0.00127011007621
uri,0.0900366920689
kns,0.012771662433
mri,0.00317527519052
aip,0.00656223539373
mra,0.00148179508891
rsy,7.05616709004e-05
nlt,0.00169348010161
tkk,0.000776178379904
yts,0.000423370025402
lum,0.00246965848151
tks,0.00874964719165
jak,0.019122212814
pko,7.05616709004e-05
kbo,0.000282246683601
ymt,0.00169348010161
iet,0.0487581145922
sdi,0.0
iel,0.175980807226
ied,0.0148179508891
ytk,0.00331639853232
hiu,0.00366920688682
aor,0.0
elg,0.0
ssp,7.05616709004e-05
ttv,0.0280129833474
dyi,0.000846740050804
gen,0.0102314422806
beo,0.00268134349421
bas,0.00246965848151
pnt,0.000141123341801
vke,0.014182895851
njv,0.0
emp,0.0548969799605
ini,0.0570138300875
bak,0.000493931696303
lss,0.00197572678521
ser,0.0175698560542
nus,0.0402201524132
aah,0.030482641829
seb,0.0156646909399
arm,0.0376093705899
ikv,0.00162291843071
lkk,0.0248377081569
mup,0.000141123341801
iru,0.00592718035563
uve,0.00183460344341
mhk,0.0
irm,0.000635055038103
ire,0.00218741179791
kti,0.000705616709004
kej,0.00352808354502
era,0.0192633361558
llv,7.05616709004e-05
tuu,0.0546147332769
uup,0.000564493367203
lem,0.125952582557
uuh,0.00543324865933
fes,0.00127011007621
ikn,0.0149590742309
elo,0.0125599774203
joe,0.000917301721705
unu,0.0482641828959
rsa,0.00162291843071
ilk,0.0175698560542
kta,0.000211685012701
vus,0.00430426192492
ote,0.0333756703359
ior,0.000705616709004
unm,0.00324583686142
mep,0.000564493367203
ead,0.00860852384984
pos,0.00585661868473
jik,0.00190516511431
pok,0.0
hvt,0.000141123341801
iny,0.00275190516511
dum,0.000987863392605
eid,0.438752469658
siv,0.119743155518
rth,0.0
vrn,0.00105842506351
duu,0.0
imt,0.000423370025402
nrn,0.00373976855772
edo,0.0184871577759
gar,0.000987863392605
oha,0.00931414055885
hye,0.000917301721705
hmi,0.0536974315552
hma,0.000635055038103
dks,0.00846740050804
fus,7.05616709004e-05
ina,0.107183178098
iyh,0.000141123341801
jeg,0.000423370025402
tss,0.0134067174711
iap,0.000776178379904
aih,0.00585661868473
sla,0.020533446232
ohy,0.0
voa,0.00402201524132
avy,7.05616709004e-05
ivi,0.0314705052216
aml,0.000141123341801
vuk,0.00543324865933
eve,0.00543324865933
rik,0.0477702511995
ivy,0.00169348010161
rnn,0.00183460344341
pau,0.0179932260796
yml,0.000423370025402
vlt,0.00176404177251
khe,7.05616709004e-05
pae,0.00409257691222
eri,0.0659046006209
spe,0.000423370025402
pam,0.00564493367203
une,0.0267428732712
leu,0.00127011007621
nio,0.00769122212814
kiv,0.0622353937341
uhk,0.00536268698843
jom,0.0
kin,0.20060683037
oir,0.00289302850692
mil,0.0373271239063
yre,0.000635055038103
isv,0.00148179508891
knk,0.0109370589896
ioj,0.000423370025402
eps,0.000917301721705
eto,0.017005362687
uji,0.00112898673441
san,0.436565057861
uja,0.0211685012701
opa,0.00458650860852
yel,0.000705616709004
hmy,0.000352808354502
ksh,0.000141123341801
efu,0.00127011007621
ohi,0.00557437200113
yet,0.000423370025402
ham,0.0305532034999
hae,0.000776178379904
bis,0.00254022015241
rge,7.05616709004e-05
ris,0.0711261642676
hau,0.0227208580299
oar,0.000211685012701
bik,0.000493931696303
mov,0.0
jrj,0.00268134349421
esr,0.00239909681061
mon,0.0753598645216
tay,0.0
hok,0.00148179508891
opi,0.00832627716624
tjl,0.0
jys,0.000705616709004
foi,0.000141123341801
ljl,0.00211685012701
efe,0.00162291843071
eeh,0.00430426192492
ljt,0.0129127857748
apo,0.00726785210274
iju,0.00338696020322
myt,0.00148179508891
olm,0.060189105278
kpe,0.000352808354502
olu,0.00331639853232
jsa,0.00303415184872
pey,0.00183460344341
ykn,0.0194044594976
pei,0.0222974880045
ura,0.0631526954558
pea,0.0164408693198
yny,0.0228619813717
ruo,0.0160174992944
rug,0.000141123341801
jsi,0.000987863392605
oen,0.00465707027942
otu,0.0172876093706
nmk,0.000211685012701
yls,0.0124894157494
als,0.00416313858312
sro,0.00127011007621
jyk,0.00127011007621
ngi,0.0342929720576
idk,0.00218741179791
ylk,0.0107253739769
tyy,0.0256844482077
sod,0.00606830369743
uil,0.0107253739769
sif,0.000776178379904
nse,0.000423370025402
fek,0.000352808354502
sej,0.00148179508891
kpu,0.0
sot,0.0411374541349
nsu,0.000493931696303
ole,0.510443127293
vao,7.05616709004e-05
loo,0.00882020886255
pye,0.0
ode,0.0225797346881
gib,0.00430426192492
ehk,0.0176404177251
usr,0.000141123341801
pvt,0.000141123341801
hso,0.000141123341801
prh,0.0
eal,0.0383855489698
juo,0.0311176968671
tjt,0.00211685012701
njn,7.05616709004e-05
ork,0.0160174992944
yrm,0.000705616709004
eat,0.0117132373695
doo,0.00112898673441
tum,0.0175698560542
dme,0.0313999435507
avi,0.0880609652837
jas,0.0322466836015
uto,0.0148179508891
evu,0.000141123341801
myl,0.000282246683601
yva,0.000493931696303
kdy,0.000564493367203
eba,0.0135478408129
uid,0.00571549534293
rvn,7.05616709004e-05
ael,0.18649449619
uit,0.0483347445668
lyi,0.000705616709004
iip,0.00882020886255
eja,0.0203923228902
igr,7.05616709004e-05
noi,0.186988427886
tii,0.0686565057861
tia,0.0204628845611
aet,0.00409257691222
ooh,0.00155235675981
suj,0.00127011007621
uba,0.000564493367203
lsk,0.000493931696303
ubi,0.00606830369743
ump,0.00493931696303
svk,0.000352808354502
agb,0.0
hnt,0.0663279706463
agr,0.000705616709004
nku,0.158622636184
vre,7.05616709004e-05
mky,0.0
ron,0.037538808919
rap,0.000917301721705
pyv,0.000282246683601
dod,0.00119954840531
sei,0.084250635055
llu,0.0838272650296
per,0.0443127293254
edt,0.00197572678521
lle,0.755644933672
alh,0.00910245554615
yvr,0.000846740050804
anb,0.000493931696303
auo,7.05616709004e-05
eio,0.000141123341801
gaa,0.00613886536833
veh,0.00613886536833
rel,0.0189810894722
fat,0.00451594693762
esa,0.0182049110923
hst,0.00204628845611
rof,0.0249788314987
fal,0.00112898673441
mio,0.016299745978
err,0.372212813999
tro,0.000917301721705
jne,0.00296359017782
sks,0.00416313858312
dib,0.000141123341801
ajn,0.0
sma,0.00994919559695
hyv,0.0472763195032
oaa,0.0103725656224
pst,0.0218741179791
upp,0.00705616709004
iht,0.00416313858312
oso,0.00755009878634
ten,0.419418571832
pin,0.0330934236523
fit,7.05616709004e-05
rra,0.372988992379
hdy,0.00980807225515
rry,0.00472763195032
hty,0.0171464860288
puj,0.00190516511431
sua,0.0197572678521
abn,0.00317527519052
rov,0.000493931696303
kui,0.339895568727
kua,0.00402201524132
slj,7.05616709004e-05
rve,0.0158763759526
mek,0.0185577194468
mms,0.00465707027942
hkl,0.000635055038103
lkh,7.05616709004e-05
eki,0.068727067457
aku,0.040361275755
vrm,0.000211685012701
rba,0.000141123341801
eky,0.00698560541914
pyn,0.000635055038103
ake,0.0484053062377
nto,0.0687976291279
vid,0.0696443691787
jri,0.000635055038103
jap,7.05616709004e-05
bri,0.000141123341801
bra,0.0161586226362
red,0.000987863392605
kei,0.0287891617273
tar,0.0868614168784
ayk,0.0
pli,0.0
dnk,0.000987863392605
pur,0.0193338978267
msi,0.00536268698843
msa,0.000211685012701
esi,0.173581710415
jah,0.00204628845611
iis,0.124682472481
mig,0.000352808354502
nkn,0.0152413209145
vuh,0.000564493367203
rip,0.00769122212814
oos,0.0904600620943
iik,0.0230031047135
gos,0.000776178379904
ply,0.0
sau,0.047417442845
vhs,7.05616709004e-05
jdk,0.0
oai,0.00105842506351
mag,0.000776178379904
ult,0.0409963307931
dev,0.0
ull,0.22255151002
jts,7.05616709004e-05
tnk,0.00338696020322
lmv,7.05616709004e-05
erb,7.05616709004e-05
avj,0.000141123341801
kym,0.0967400508044
ifr,7.05616709004e-05
kye,0.00155235675981
ath,0.000917301721705
tab,0.000352808354502
taj,0.0436071126164
ryh,0.00599774202653
nyt,0.194256279989
yis,0.0114309906859
hop,0.0116426756986
ryp,0.00190516511431
pub,0.00105842506351
tle,0.00183460344341
ism,0.00564493367203
laj,0.00945526390065
aoi,7.05616709004e-05
ytp,0.000211685012701
iak,0.00331639853232
yse,0.00225797346881
snp,0.000352808354502
nps,0.000211685012701
akm,7.05616709004e-05
jel,0.0167936776743
siu,0.0167231160034
lha,0.00218741179791
awa,0.0
egu,0.00105842506351
ehp,0.000352808354502
ltm,0.000705616709004
ilp,0.00684448207734
ssk,0.00112898673441
ith,0.000493931696303
uvv,0.0
kea,0.0630821337849
enn,0.144651425346
lsp,0.000282246683601
itp,0.00127011007621
ahd,0.0619531470505
euk,0.00931414055885
imo,0.0607535986452
yjn,0.00261078182331
fid,0.0
kie,0.0651989839119
fil,0.0230736663844
nyl,0.000211685012701
noj,0.00613886536833
kks,0.00458650860852
ahl,0.00366920688682
dar,0.00197572678521
nor,0.000776178379904
evn,0.00508044030483
ynj,0.0
env,0.00733841377364
val,0.161515664691
sim,0.047417442845
ifj,0.000211685012701
ygi,7.05616709004e-05
aht,0.0492520462885
hly,0.000352808354502
tpi,0.00141123341801
hyn,0.000141123341801
hli,0.00190516511431
tsp,0.0
hla,0.00797346881174
vvy,7.05616709004e-05
gok,0.000352808354502
hin,0.0657634772791
inj,0.000211685012701
den,0.254939316963
ase,0.0744425627999
cae,0.0
ihd,0.00239909681061
smi,0.00395145357042
fto,0.000211685012701
guu,0.000211685012701
asu,0.0752187411798
orp,0.00183460344341
sym,0.00677392040644
lmn,0.0216624329664
asm,0.000705616709004
jet,0.0179226644087
ltu,0.0151707592436
eom,0.0
isu,0.02977702512
ndo,7.05616709004e-05
atp,0.000493931696303
ise,0.381597516229
key,0.00275190516511
tns,0.0140417725092
onl,0.000917301721705
bed,0.00232853513971
hhu,0.0
dab,0.00317527519052
nhk,0.000282246683601
bul,0.00345752187412
tot,0.0350691504375
ihl,0.000917301721705
afr,0.0
mnn,0.00317527519052
nju,0.000423370025402
ont,0.0248377081569
hta,0.0430426192492
koo,0.183036974316
yik,0.000846740050804
nit,0.0285069150437
jed,0.00169348010161
lab,0.000211685012701
skk,0.00261078182331
inr,0.000282246683601
tod,0.018416596105
omu,0.0210979395992
ysu,0.00366920688682
lns,0.00649167372283
uki,0.0263900649167
hub,0.0
huj,0.000776178379904
bba,0.00261078182331
hti,0.0837567033587
hur,0.0379621789444
rah,0.0263195032458
nid,0.00677392040644
vad,0.000493931696303
ibn,0.00112898673441
vyt,0.00416313858312
bel,0.0196161445103
stj,0.00176404177251
ace,0.0
apt,0.00268134349421
tol,0.0166525543325
uka,0.122353937341
aas,0.113886536833
hav,0.00684448207734
bet,0.00155235675981
sea,0.00515100197573
sam,0.061600338696
sae,0.00176404177251
smy,7.05616709004e-05
gia,0.000635055038103
lhi,0.00832627716624
anr,0.000423370025402
mou,0.000352808354502
lbo,0.000564493367203
lib,0.00451594693762
lij,0.0581428168219
for,0.000211685012701
tev,0.00500987863393
lir,0.000705616709004
ypl,0.00169348010161
kae,0.00359864521592
hda,0.0214507479537
vni,0.00176404177251
uus,0.0679508890771
rjy,0.000917301721705
kau,0.186141687835
utt,0.479466553768
vny,7.05616709004e-05
neh,0.00338696020322
tpa,0.00119954840531
mrr,0.00564493367203
hkt,0.000635055038103
tha,0.00183460344341
lpi,0.00656223539373
mdt,0.0
daj,0.000987863392605
lpa,0.00515100197573
jut,0.000423370025402
rtk,0.00112898673441
sui,0.0404318374259
rts,7.05616709004e-05
fyl,7.05616709004e-05
ugu,0.0
hjs,0.0
kss,0.00282246683601
spn,0.0
hrs,0.000141123341801
bud,0.0
hrk,0.00465707027942
pti,0.0393734123624
ksk,0.0532034998589
yth,0.0
hiv,0.00141123341801
sss,0.00557437200113
nep,0.0
ttu,0.125599774203
gee,0.00359864521592
vmp,0.000493931696303
gem,7.05616709004e-05
ebr,0.00522156364663
apl,0.00218741179791
emk,0.00112898673441
lun,0.0264606265876
ems,0.00515100197573
edd,0.0
bah,0.000987863392605
ttm,0.0208862545865
arv,0.0244143381315
luv,0.0131244707875
nup,0.000846740050804
aak,0.0905306237652
nuh,0.00832627716624
arn,0.00818515382444
ias,0.0172170476997
iku,0.0218035563082
mus,0.0151001975727
irv,0.00359864521592
lte,0.00790290714084
tte,0.386889641547
jtk,0.00345752187412
muk,0.0461473327688
uuk,0.0223680496754
str,0.000776178379904
ome,0.00832627716624
tuv,0.0268134349421
omm,0.00776178379904
tun,0.0911656788033
ikm,0.000776178379904
ddu,0.000776178379904
ipt,0.000141123341801
ell,0.390135478408
ett,0.7194467965
ilh,0.00112898673441
len,0.218106124753
vup,7.05616709004e-05
phu,0.0
unn,0.0921535421959
mes,0.0426898108947
hvo,0.000423370025402
tkh,7.05616709004e-05
pop,0.000141123341801
haf,0.0
poh,0.0105136889642
nat,0.0385266723116
rpo,0.00162291843071
nni,0.0484053062377
dun,0.00578605701383
yas,0.000211685012701
yys,0.0101608806097
jon,0.132514817951
gue,0.000776178379904
cqu,0.0
kjt,7.05616709004e-05
vat,0.724738921818
otn,0.000141123341801
nre,0.000352808354502
rmt,7.05616709004e-05
anj,0.00564493367203
gai,0.00684448207734
yhd,0.0371154388936
nru,0.000282246683601
unv,7.05616709004e-05
ysm,0.00825571549534
ais,0.40283657917
uom,0.0450889077053
aik,0.426404177251
aug,0.0
rvm,0.0
hdi,0.0257550098786
irn,0.000211685012701
nny,0.0326700536269
voj,0.0142534575219
eka,0.0235675980807
rih,7.05616709004e-05
ykm,0.00141123341801
amo,0.0256844482077
pav,0.00112898673441
ues,0.00515100197573
lyj,0.000211685012701
paf,7.05616709004e-05
pan,0.0726785210274
vkn,0.0
mbr,0.0
lyr,0.0
dro,0.000917301721705
nil,0.0415608241603
kiu,0.00500987863393
erj,0.00416313858312
kim,0.0121366073949
llm,0.00155235675981
uld,7.05616709004e-05
vva,0.000282246683601
lev,0.11360429015
ypt,0.0388794806661
yhl,0.00395145357042
epp,0.00289302850692
ppe,0.0369037538809
etl,0.00204628845611
eph,7.05616709004e-05
vyl,0.000846740050804
nva,0.00797346881174
lde,0.00493931696303
ioi,0.02194467965
tir,0.000917301721705
pty,0.000282246683601
eus,0.0109370589896
hjk,0.00141123341801
mki,0.00169348010161
han,0.102243861135
thy,0.00119954840531
eld,0.0
oko,0.0989980242732
bne,0.00324583686142
iga,0.000352808354502
bih,0.000705616709004
vvi,0.00127011007621
rne,0.00112898673441
vil,0.0394439740333
mom,0.000352808354502
rnu,0.000352808354502
ljo,0.0282246683601
jyp,0.00218741179791
ees,0.0896838837144
avr,0.0
tmn,0.068727067457
hpe,0.010654812306
eek,0.0124894157494
hoh,0.000846740050804
elt,0.0916596104996
tjo,7.05616709004e-05
jyh,0.0
vit,0.0586367485182
ijv,0.0
tvs,0.000776178379904
yku,0.000141123341801
olv,0.0146062658764
ijn,0.00183460344341
tyj,0.00571549534293
yke,0.00211685012701
sey,0.00211685012701
kmi,0.00155235675981
pej,0.00155235675981
dde,0.000282246683601
rul,0.0
rud,0.0
kam,0.0131950324584
pla,0.000635055038103
piv,0.108735534857
rut,0.00331639853232
usa,0.0436071126164
ylp,0.00585661868473
iys,0.0
ynr,0.0116426756986
srt,0.0
ioa,0.0
ylh,0.00395145357042
rho,0.00832627716624
bja,0.00268134349421
alp,0.00331639853232
soo,0.00846740050804
hmr,0.000635055038103
usi,0.0709144792549
ppu,0.0314705052216
dol,0.00620942703923
yyk,0.00261078182331
bon,0.00310471351962
oum,0.000141123341801
her,0.374117979114
sie,0.0896133220435
lol,0.00430426192492
ebj,0.00169348010161
tyr,0.00112898673441
heb,0.00578605701383
yht,0.0409257691222
gii,0.000564493367203
ret,0.022650296359
jul,0.0206745695738
rja,0.0519333897827
rji,0.00352808354502
esy,7.05616709004e-05
lpy,0.000211685012701
lvs,0.00239909681061
mtt,0.00726785210274
orh,0.000282246683601
yrn,0.000493931696303
vhk,0.000564493367203
lvk,0.000987863392605
tvk,0.00275190516511
ohj,0.0129833474457
nna,0.1144510302
mll,0.00755009878634
khn,0.000635055038103
mpp,0.0404318374259
uek,7.05616709004e-05
ohr,0.00148179508891
tef,0.000493931696303
nad,0.00218741179791
nal,0.0119249223822
mmk,0.00112898673441
pmr,0.0
jlk,0.0448772226926
tij,0.012066045724
tib,0.000282246683601
ike,0.119460908834
urr,0.00112898673441
urj,0.00910245554615
ook,0.00141123341801
ubb,0.00127011007621
kma,0.000352808354502
agi,0.00119954840531
sye,0.00148179508891
lot,0.00853796217894
aga,0.00155235675981
fni,0.000352808354502
lnk,7.05616709004e-05
dot,0.0225797346881
nvi,0.00112898673441
mlt,0.000423370025402
syd,0.0461473327688
roo,0.00303415184872
oor,0.00917301721705
suh,0.00966694891335
osv,0.00134067174711
loe,0.000282246683601
osn,0.000211685012701
ymf,0.0
reu,0.00811459215354
ryi,0.0
yvs,0.00190516511431
ali,0.0690798758115
amf,0.000141123341801
aun,0.0234264747389
lge,0.0
vea,0.000987863392605
lky,0.000352808354502
pjr,0.0
yvk,0.00585661868473
kje,0.000282246683601
mpa,0.0224386113463
jaa,0.0633643804685
ykt,0.00338696020322
rem,0.0241320914479
vjt,0.0
mpi,0.0238498447643
fam,0.000352808354502
llt,0.00190516511431
iuv,0.0
vos,0.0139712108383
upi,0.00218741179791
ers,0.0238498447643
upa,0.0110076206605
kit,0.0158058142817
ejs,0.0
dis,0.0426898108947
lou,0.00331639853232
teo,0.00663279706463
ltt,0.0587073101891
mno,0.00162291843071
htp,7.05616709004e-05
dki,0.00218741179791
ihu,0.00218741179791
nei,0.0165819926616
mpy,0.0
hse,0.000282246683601
nea,0.00176404177251
mha,0.000141123341801
kuh,0.000564493367203
tky,0.00176404177251
leg,0.000282246683601
hao,0.0
deo,0.00225797346881
ist,0.682190234265
ikl,0.00155235675981
hku,0.00296359017782
pio,0.00176404177251
rhn,0.000211685012701
mer,0.0353513971211
ntv,0.00592718035563
hke,0.00832627716624
glo,0.000352808354502
lki,0.0328817386396
puk,0.0104431272933
sju,0.0
<si,0.0
raa,0.0684448207734
syl,0.00225797346881
boo,0.00155235675981
deg,0.000211685012701
sup,0.000282246683601
akd,0.000282246683601
ysl,0.000211685012701
rks,0.00148179508891
nma,0.00444538526672
vrl,0.000211685012701
ipm,7.05616709004e-05
jee,0.0632938187976
viu,7.05616709004e-05
jvt,0.00105842506351
rme,0.0103020039515
rkk,0.026178379904
tas,0.0661868473045
ush,0.000564493367203
anc,0.000141123341801
usp,0.00162291843071
oed,0.0
keh,0.00987863392605
oob,0.00289302850692
auv,0.00423370025402
nko,0.0282246683601
jmm,0.000493931696303
vok,0.00176404177251
dlt,0.0
fim,7.05616709004e-05
iij,0.0
ibo,0.00105842506351
sre,0.00239909681061
ulu,0.0352808354502
sva,0.0131950324584
ulm,0.00359864521592
vei,0.0369743155518
ule,0.144086931979
oah,0.00289302850692
maf,0.0
kyl,0.0197572678521
rii,0.02977702512
kyd,0.00613886536833
spo,0.000987863392605
oba,0.00246965848151
kyt,0.0112193056732
hoa,0.0100197572679
vmi,7.05616709004e-05
iun,0.0167231160034
eno,0.00444538526672
hnn,0.000141123341801
ryy,0.00860852384984
hag,0.00162291843071
vjl,7.05616709004e-05
tak,0.15911656788
nmy,0.0
sil,0.462672876094
ovu,0.00381033022862
vey,0.00254022015241
sru,0.000493931696303
sni,0.0157352526108
vnp,0.000493931696303
ove,0.0154530059272
man,0.102173299464
rai,0.0259666948913
eng,0.0166525543325
yla,0.000211685012701
jtr,0.0
krm,0.00345752187412
iaj,0.00105842506351
egl,0.000493931696303
idy,0.000282246683601
ida,0.00783234546994
rue,0.000211685012701
jem,0.00162291843071
lsa,0.00232853513971
dyk,0.00275190516511
ita,0.135266723116
uvo,0.0144651425346
ttt,0.00310471351962
hoi,0.0225797346881
kbu,0.000141123341801
uot,0.0619531470505
nso,0.0169348010161
ofe,0.0268134349421
imn,0.00585661868473
uod,0.0378916172735
gel,0.00275190516511
bya,0.000141123341801
uha,0.0575783234547
nym,0.000211685012701
aro,0.034716342083
mej,0.0
tjn,0.00183460344341
kid,0.00141123341801
kkj,0.000493931696303
ahm,0.00183460344341
nos,0.0215213096246
ynk,0.00204628845611
gud,0.0
oap,7.05616709004e-05
jks,0.00176404177251
yns,0.00486875529213
nim,0.0628704487722
oul,7.05616709004e-05
ops,0.0
ahu,0.00663279706463
lmo,0.0203923228902
oud,0.0217329946373
vam,0.00183460344341
vma,7.05616709004e-05
gbi,0.0
out,0.0335167936777
tou,0.0154530059272
lak,0.03683319221
gob,0.000282246683601
ajo,0.0239909681061
ihe,0.0460767710979
ree,0.0173581710415
ast,0.428097657353
emr,0.0
asd,0.00119954840531
mmr,0.0129127857748
ntn,0.00769122212814
nie,0.00867908552075
ora,0.00980807225515
iab,0.000564493367203
ata,0.113815975162
jeu,0.000141123341801
ati,0.0272368049675
isl,0.0204628845611
aen,0.0177815410669
aty,0.0
iib,0.00127011007621
onm,0.000352808354502
kil,0.0343635337285
one,0.0388794806661
sof,0.0
ude,0.099844764324
ihm,0.0616709003669
lom,0.026883996613
onu,0.0203217612193
kon,0.0385972339825
rmu,0.00183460344341
yij,0.000352808354502
fmi,0.0
dik,0.000423370025402
las,0.111346316681
kov,0.014182895851
mvo,0.0
udu,0.00945526390065
ity,0.00832627716624
tom,0.0560965283658
huk,0.00889077053345
eub,0.0
gyp,0.0387383573243
ogb,0.0
vie,0.111628563364
aab,0.0377504939317
tsi,0.0596246119108
kni,0.00268134349421
aaj,0.0112193056732
aar,0.0584956251764
uol,0.117696867062
iar,0.00105842506351
dtt,0.00493931696303
vae,0.0260372565622
hpt,0.000282246683601
sal,0.100903189388
arg,0.000282246683601
ank,0.0747248094835
apu,0.0179226644087
hus,0.00148179508891
ans,0.330934236523
kkr,0.0
ydi,0.000141123341801
sat,0.0592012418854
ypu,0.00211685012701
jue,0.0
lik,0.0215213096246
lis,0.292407564211
nua,0.093494213943
asl,0.00155235675981
miv,0.000776178379904
ins,0.0469235111487
kad,0.00952582557155
zeu,7.05616709004e-05
yta,0.0
vnh,0.00148179508891
yst,0.039655659046
uav,0.00148179508891
kat,0.0687976291279
uhi,0.011360429015
buu,0.000282246683601
ruu,0.0335873553486
tys,0.0199689528648
pus,0.00818515382444
dom,0.0101608806097
mur,0.0206040079029
ozy,0.0
mrs,0.00261078182331
mrk,0.000352808354502
vym,0.0
tka,0.217823878069
pnn,0.000635055038103
tki,0.0276601749929
oja,0.0834744566751
dak,0.00790290714084
abo,0.00197572678521
oji,0.00684448207734
bue,0.0
vua,0.000423370025402
iti,0.0359864521592
iev,0.00155235675981
rsk,0.0467823878069
ien,0.160386677957
sdk,0.00303415184872
ymn,0.00882020886255
kru,0.00183460344341
get,0.00190516511431
yti,0.00218741179791
luo,0.063717188823
dys,0.00423370025402
ean,0.0147473892182
ged,0.00134067174711
tsa,0.0243437764606
lsi,0.0146062658764
hio,0.000635055038103
emj,0.000423370025402
baa,0.0316821902343
muj,0.000987863392605
sep,0.00282246683601
bai,0.00119954840531
apm,0.0
toe,0.000423370025402
aop,0.0
yhm,0.00606830369743
ttl,0.0
ype,0.000352808354502
nui,0.00345752187412
ede,0.0668219023426
stk,0.00952582557155
jlj,0.0100197572679
rmm,7.05616709004e-05
yty,0.0363392605137
ikt,0.00197572678521
dll,0.000282246683601
ink,0.289302850692
iro,0.0107959356478
lsy,7.05616709004e-05
irg,7.05616709004e-05
uan,0.0218741179791
vrt,0.000493931696303
ktk,0.00747953711544
uur,0.0992097092859
uuj,7.05616709004e-05
evo,0.00938470222975
uub,0.00486875529213
ehi,0.0173581710415
bee,0.00867908552075
tlt,0.00225797346881
jia,0.00557437200113
vui,0.00366920688682
akt,0.0
ung,0.0330934236523
lvj,0.000493931696303
hkm,0.000493931696303
tll,0.0173581710415
hvn,0.000282246683601
ydy,0.00712672876094
leo,0.000352808354502
pht,0.000282246683601
poi,0.139923793395
jii,0.000352808354502
jog,7.05616709004e-05
poa,0.000987863392605
aij,0.00112898673441
nnh,0.0
nau,0.0110076206605
kep,7.05616709004e-05
oto,0.0125599774203
ala,0.351608806097
tsy,0.00282246683601
hms,0.000352808354502
yyr,0.00373976855772
niu,0.000141123341801
gah,7.05616709004e-05
sad,0.0141123341801
vau,0.0163703076489
sit,0.192068868191
eiv,0.106336438047
rtj,0.0
ila,0.12150719729
air,0.00740897544454
mlu,0.000211685012701
elu,0.0395145357042
ein,0.0299887101327
riy,0.00867908552075
edm,0.000493931696303
uiv,0.0515100197573
ivk,0.000423370025402
sts,0.00578605701383
ivs,0.00472763195032
kbe,0.0
ili,0.0696443691787
ria,0.0325289302851
kre,0.00296359017782
nok,0.00860852384984
pag,0.000141123341801
okn,0.000141123341801
ykl,0.0
pao,0.000282246683601
oih,0.0129833474457
amn,0.00155235675981
ete,0.0472057578323
iop,0.00359864521592
syt,0.0200395145357
bia,0.00508044030483
oip,0.000846740050804
epy,0.000564493367203
min,1.0
sbu,0.0
yhe,0.00162291843071
erk,0.0157352526108
epi,0.00564493367203
lll,0.000705616709004
ily,0.00486875529213
epa,0.000705616709004
yen,0.00296359017782
das,0.0103725656224
joo,0.0671747106971
tis,0.0502399096811
gdo,0.000211685012701
svy,0.000493931696303
ioh,0.000211685012701
elm,0.0359158904883
ipe,0.00261078182331
ele,0.0950465707028
ada,0.0295653401073
eur,0.0553203499859
rnt,7.05616709004e-05
rgo,0.000282246683601
bii,0.000423370025402
gra,0.00162291843071
mot,0.00557437200113
ohk,0.00522156364663
mol,0.0198983911939
adi,0.0176404177251
vim,0.00190516511431
psu,0.000564493367203
ljn,0.0174992943833
ifs,7.05616709004e-05
eer,0.00797346881174
jya,7.05616709004e-05
edu,0.00317527519052
odo,0.0121366073949
jyi,0.000493931696303
olg,0.0
ipu,0.0165114309907
olo,0.00190516511431
jyy,0.00282246683601
ijo,0.0188399661304
umr,0.00218741179791
jnt,0.00515100197573
tyk,0.0472057578323
pes,0.0184871577759
avs,0.0
pek,0.00112898673441
pse,0.0270956816257
ape,0.00620942703923
esh,0.0
rum,0.00169348010161
oet,0.00726785210274
oel,0.000917301721705
kal,0.0638583121648
nmi,0.000352808354502
obi,0.0180637877505
yly,0.000564493367203
idi,0.0431131809201
eeb,0.00162291843071
yli,0.0485464295795
rss,0.00148179508891
ahe,0.00508044030483
nln,0.00225797346881
jss,0.000423370025402
son,0.010654812306
urk,0.00416313858312
efo,0.000211685012701
sov,0.012066045724
uno,0.00261078182331
yyj,0.000564493367203
eav,0.00204628845611
hes,0.0117132373695
ehy,0.00141123341801
eha,0.00846740050804
hek,0.00832627716624
sid,0.00719729043184
sds,0.00155235675981
lka,0.0483347445668
seh,0.000352808354502
jum,0.202582557155
sna,0.0
juu,0.087849280271
jai,0.0211685012701
njl,0.00366920688682
rjh,0.0
ute,0.0469235111487
dmo,0.0
etm,0.00197572678521
utu,0.0740897544454
mte,0.0
lys,0.00896133220435
kup,0.00804403048264
ori,0.0355630821338
uin,0.319997177533
yro,0.00324583686142
rvt,7.05616709004e-05
lpp,0.00105842506351
tuo,0.094199830652
lyk,0.00169348010161
avk,0.000776178379904
mav,0.000564493367203
nae,0.00148179508891
iir,0.0280129833474
nam,0.00218741179791
myn,0.000352808354502
tik,0.00606830369743
jvl,0.0
kpo,0.000282246683601
gri,0.000705616709004
kva,0.000211685012701
urs,0.040361275755
sbe,0.000493931696303
kvi,0.0125599774203
ooj,0.00797346881174
svi,0.00303415184872
esp,0.000423370025402
eol,0.000141123341801
eot,0.00232853513971
etu,0.0451594693762
