pto,0.0
itl,0.00306748466258
elp,0.0
rol,0.0429447852761
zed,0.0812883435583
lij,0.0
alf,0.0
nan,0.069018404908
gdz,0.021472392638
dbe,0.0
cek,0.00460122699387
rof,0.00306748466258
zer,0.0659509202454
moc,0.0260736196319
Łus,0.0
llo,0.0122699386503
jcz,0.0122699386503
rop,0.0705521472393
idl,0.0
osc,0.368098159509
rty,0.0306748466258
szt,0.0828220858896
żeń,0.00153374233129
vev,0.0
ume,0.00306748466258
auc,0.0
dun,0.00153374233129
zmn,0.00460122699387
zah,0.0
ell,0.0122699386503
lze,0.00306748466258
ełn,0.0
iaw,0.00153374233129
ryż,0.0
gme,0.00306748466258
elz,0.0
bni,0.0138036809816
zty,0.00153374233129
eok,0.0
ngr,0.00153374233129
ymi,0.0920245398773
har,0.00920245398773
rót,0.00153374233129
wrz,0.021472392638
jny,0.0766871165644
nol,0.00920245398773
bej,0.00766871165644
bil,0.0153374233129
usa,0.00460122699387
ium,0.0122699386503
esa,0.0122699386503
ałż,0.00153374233129
zór,0.0
mpl,0.00460122699387
lcz,0.0276073619632
ośc,0.0291411042945
daj,0.0276073619632
czł,0.00153374233129
tut,0.00153374233129
wii,0.0
fal,0.00920245398773
paź,0.010736196319
dyd,0.0
azl,0.0
oic,0.00613496932515
ajb,0.00920245398773
nor,0.00766871165644
rób,0.00153374233129
leź,0.00153374233129
osi,0.069018404908
ywu,0.00306748466258
sbn,0.00153374233129
„ju,0.0
tro,0.0705521472393
emm,0.0
feb,0.0
cme,0.0
aźd,0.010736196319
żyt,0.0
nfi,0.0
try,0.0306748466258
iec,0.19018404908
guw,0.0
ywa,0.0950920245399
nęł,0.0
tto,0.00153374233129
lbe,0.0
emy,0.021472392638
wsk,0.131901840491
bję,0.0
nał,0.0306748466258
ass,0.0
eżd,0.0
ten,0.0230061349693
mai,0.00306748466258
ebl,0.00153374233129
tyz,0.00613496932515
odr,0.0322085889571
dyr,0.0
lan,0.0782208588957
we[,0.00153374233129
ezn,0.0337423312883
lni,0.069018404908
oks,0.00153374233129
ter,0.161042944785
pyt,0.0
arl,0.0291411042945
pod,0.242331288344
tne,0.0184049079755
nel,0.0138036809816
jgl,0.0
mus,0.00920245398773
jor,0.00153374233129
dli,0.0122699386503
dzi,0.472392638037
per,0.0383435582822
kci,0.010736196319
ozn,0.0889570552147
blo,0.00306748466258
irl,0.0
ont,0.0245398773006
rel,0.021472392638
ped,0.00153374233129
zup,0.00460122699387
umo,0.010736196319
bla,0.00613496932515
ruj,0.00613496932515
tar,0.0950920245399
oma,0.0337423312883
ikw,0.00613496932515
arb,0.00460122699387
nsf,0.0
zbo,0.00306748466258
erp,0.0122699386503
asy,0.00460122699387
omo,0.0414110429448
mek,0.00766871165644
nti,0.0
zbu,0.00613496932515
ek[,0.0
[a],0.0
omu,0.0260736196319
mme,0.0
kom,0.0613496932515
ymś,0.0
uśc,0.0
ydr,0.00153374233129
rut,0.00460122699387
enz,0.00153374233129
prą,0.0
ląd,0.00613496932515
isy,0.00766871165644
han,0.0245398773006
zji,0.0230061349693
Życ,0.00153374233129
aks,0.00920245398773
upr,0.00920245398773
bor,0.0598159509202
ple,0.00153374233129
cus,0.00613496932515
srr,0.00460122699387
aki,0.0260736196319
żej,0.0
bol,0.00766871165644
bet,0.0
ism,0.00460122699387
myś,0.0
orl,0.00153374233129
hęt,0.0
zju,0.00306748466258
eks,0.0981595092025
wpł,0.0
wok,0.0
oph,0.0
uzn,0.0168711656442
wic,0.079754601227
laz,0.00306748466258
pkb,0.010736196319
też,0.00766871165644
apr,0.00766871165644
bru,0.00460122699387
as”,0.0
będ,0.00460122699387
pir,0.0
pon,0.0782208588957
odl,0.0276073619632
uce,0.00153374233129
eżn,0.0
ipt,0.00306748466258
nsp,0.0291411042945
zat,0.0506134969325
hni,0.0521472392638
bra,0.0429447852761
jaz,0.00766871165644
dne,0.00920245398773
wam,0.00153374233129
lut,0.0153374233129
gis,0.00306748466258
yga,0.00153374233129
her,0.0138036809816
tuz,0.00153374233129
plk,0.00153374233129
dno,0.0828220858896
wac,0.0460122699387
tot,0.00460122699387
jej,0.0260736196319
uko,0.0184049079755
chr,0.0490797546012
tun,0.0506134969325
ecy,0.0276073619632
rcj,0.00153374233129
gio,0.0168711656442
dje,0.00920245398773
uke,0.00153374233129
owk,0.00306748466258
czp,0.0260736196319
wyw,0.00920245398773
oim,0.00306748466258
auw,0.00153374233129
ięc,0.00920245398773
łże,0.00153374233129
eac,0.0
gas,0.00306748466258
lle,0.00460122699387
mca,0.0
igm,0.0
ską,0.00306748466258
loz,0.0751533742331
żda,0.0
nkt,0.00306748466258
bul,0.00306748466258
łan,0.00460122699387
pin,0.00306748466258
xxi,0.00613496932515
ott,0.00306748466258
hen,0.0260736196319
zin,0.0475460122699
cic,0.00306748466258
ysi,0.0184049079755
rzc,0.0306748466258
ltu,0.0153374233129
dał,0.00766871165644
aiu,0.0
wzb,0.0
adp,0.0
det,0.00153374233129
uis,0.0
erz,0.11963190184
fli,0.00460122699387
iln,0.0122699386503
eic,0.0
ciw,0.00920245398773
den,0.0812883435583
erl,0.00306748466258
olt,0.021472392638
tno,0.00613496932515
spr,0.0506134969325
pre,0.150306748466
ami,0.156441717791
jęz,0.0
pun,0.00306748466258
rab,0.00766871165644
sam,0.0429447852761
leb,0.00613496932515
jąt,0.00153374233129
pro,0.174846625767
amw,0.00306748466258
rip,0.0
ryl,0.00613496932515
tad,0.0153374233129
mi[,0.0
czn,0.391104294479
hit,0.0398773006135
lyn,0.00153374233129
sem,0.0153374233129
lbo,0.00153374233129
ypr,0.00306748466258
ewi,0.110429447853
pat,0.0122699386503
mio,0.021472392638
ryb,0.0153374233129
ack,0.0260736196319
zon,0.144171779141
tob,0.00153374233129
ieś,0.0368098159509
żny,0.0
peł,0.0
nat,0.0705521472393
sik,0.0
mis,0.0368098159509
ypl,0.00306748466258
zął,0.00613496932515
bab,0.00153374233129
tyn,0.021472392638
adl,0.00306748466258
dez,0.0
źną,0.0
icó,0.0
jęt,0.0
bib,0.00306748466258
mue,0.0
kiw,0.0138036809816
esu,0.00920245398773
iwi,0.00766871165644
wy[,0.00306748466258
wpl,0.0122699386503
iak,0.00153374233129
awk,0.00153374233129
huj,0.0
kim,0.090490797546
iog,0.00153374233129
suc,0.0
tte,0.0
the,0.0
tan,0.147239263804
ymu,0.00306748466258
ki[,0.00460122699387
tlu,0.00613496932515
zyd,0.0521472392638
boż,0.00153374233129
ums,0.0
zne,0.168711656442
awa,0.134969325153
dre,0.00766871165644
cko,0.0
lti,0.0
zyj,0.0383435582822
mów,0.00613496932515
egi,0.0414110429448
wyc,0.0628834355828
edł,0.00306748466258
zyp,0.0506134969325
mpr,0.010736196319
zny,0.128834355828
pił,0.00306748466258
izj,0.0368098159509
rom,0.0383435582822
„co,0.0
edk,0.0
ziś,0.00153374233129
rog,0.0521472392638
als,0.0122699386503
zmo,0.00613496932515
eło,0.0
aul,0.00306748466258
zme,0.00306748466258
wró,0.0
ędą,0.00153374233129
obi,0.0414110429448
hów,0.0
fam,0.00306748466258
dio,0.0199386503067
zdz,0.021472392638
dia,0.0122699386503
wst,0.0720858895706
trr,0.0
ups,0.0
ody,0.0230061349693
teo,0.00613496932515
ods,0.0122699386503
ośl,0.0
pme,0.0
odm,0.00613496932515
ątk,0.0184049079755
tes,0.00920245398773
odg,0.00306748466258
nem,0.0122699386503
nec,0.0
kup,0.00920245398773
sąd,0.0
ney,0.0
lec,0.0598159509202
ozo,0.0828220858896
lem,0.0383435582822
mej,0.0
ozu,0.010736196319
pio,0.0199386503067
lew,0.0552147239264
ksp,0.010736196319
glo,0.090490797546
akr,0.00920245398773
bos,0.0
wdo,0.00766871165644
gly,0.0
mał,0.0153374233129
bom,0.00153374233129
cto,0.00153374233129
ekr,0.00920245398773
bog,0.00460122699387
uzo,0.0
ajc,0.0138036809816
czó,0.00153374233129
vio,0.0
api,0.0506134969325
wła,0.00306748466258
rkm,0.0
lka,0.021472392638
zis,0.00460122699387
chi,0.0398773006135
chs,0.0
zio,0.0322085889571
asl,0.00153374233129
nka,0.0138036809816
łas,0.00460122699387
ętu,0.0
jek,0.00460122699387
nku,0.00920245398773
yj],0.00153374233129
mnę,0.0
iba,0.0
cap,0.00153374233129
deu,0.0138036809816
klu,0.010736196319
uli,0.010736196319
deo,0.0
erm,0.00306748466258
zoo,0.0
ulg,0.0
tas,0.00153374233129
gze,0.00460122699387
glę,0.00153374233129
ęćd,0.0
czo,0.0659509202454
cze,0.34509202454
rym,0.00613496932515
eng,0.0
ryc,0.0536809815951
ta[,0.00306748466258
how,0.0122699386503
teś,0.0
nym,0.161042944785
dwi,0.0138036809816
mat,0.0322085889571
sno,0.00460122699387
bki,0.00920245398773
róc,0.00306748466258
nik,0.151840490798
kra,0.164110429448
syt,0.0199386503067
eró,0.0
ęzy,0.0
dwu,0.00613496932515
lsa,0.0153374233129
koń,0.00920245398773
iał,0.021472392638
zes,0.216257668712
ity,0.0628834355828
wuj,0.00306748466258
stę,0.0122699386503
twó,0.00613496932515
wro,0.0291411042945
órą,0.0
pcu,0.00306748466258
imp,0.021472392638
zaś,0.00306748466258
ze[,0.0
nom,0.0184049079755
okr,0.11963190184
nog,0.0
ze/,0.0
dak,0.00613496932515
kże,0.00766871165644
rwu,0.00153374233129
cep,0.0122699386503
nos,0.187116564417
ynk,0.00153374233129
zwe,0.00766871165644
óry,0.00613496932515
ifi,0.00613496932515
n/k,0.00613496932515
iza,0.0536809815951
k…”,0.0
rew,0.00920245398773
izu,0.00153374233129
rem,0.0276073619632
got,0.0168711656442
hci,0.0
lmu,0.00306748466258
orm,0.0812883435583
lmo,0.0
łow,0.0122699386503
orc,0.0460122699387
jew,0.0414110429448
jwy,0.021472392638
kań,0.0
ati,0.00766871165644
isl,0.0674846625767
wla,0.115030674847
anę,0.0
onk,0.0245398773006
iąż,0.00460122699387
zai,0.010736196319
ona,0.173312883436
zwą,0.0
zau,0.00613496932515
onu,0.00766871165644
kol,0.147239263804
iaj,0.0168711656442
kof,0.00306748466258
ązk,0.00306748466258
toc,0.00766871165644
cór,0.0
uds,0.00306748466258
cyp,0.00613496932515
/li,0.0
udy,0.0
ięt,0.00153374233129
rsy,0.0138036809816
kop,0.0199386503067
wrę,0.0
ain,0.0168711656442
bek,0.0
rzb,0.0
kni,0.00306748466258
stu,0.0383435582822
noś,0.010736196319
nzj,0.0
ybc,0.0
dtv,0.00153374233129
rac,0.168711656442
ncy,0.00766871165644
rai,0.0168711656442
saz,0.00920245398773
any,0.122699386503
prz,0.546012269939
lia,0.0138036809816
min,0.069018404908
eby,0.00153374233129
efi,0.010736196319
mot,0.00306748466258
mir,0.00766871165644
ańs,0.00153374233129
eją,0.0
kan,0.0613496932515
ąda,0.00460122699387
ipo,0.0
bsk,0.00306748466258
ają,0.0138036809816
jbl,0.0
cle,0.0
exi,0.0
adą,0.0
ało,0.0306748466258
ońc,0.00920245398773
mra,0.0
szk,0.0736196319018
tka,0.010736196319
sza,0.16717791411
ojc,0.0138036809816
szu,0.00306748466258
ocl,0.0184049079755
ksz,0.0920245398773
łuk,0.0
wzm,0.0
jag,0.00920245398773
ieb,0.00920245398773
irm,0.00613496932515
woj,0.168711656442
dys,0.0322085889571
baw,0.0
żam,0.0
eml,0.0
sha,0.0
bac,0.0260736196319
ael,0.0
eżą,0.0
sep,0.00153374233129
ary,0.0337423312883
ótc,0.0
arc,0.0720858895706
sel,0.00460122699387
arm,0.0153374233129
tce,0.00153374233129
zki,0.0322085889571
ybi,0.0184049079755
ytu,0.207055214724
nię,0.00460122699387
ytk,0.00920245398773
ydg,0.00613496932515
zku,0.00460122699387
mun,0.0291411042945
yta,0.00460122699387
łci,0.0
omn,0.010736196319
cur,0.0
dku,0.00460122699387
ilo,0.0674846625767
nyw,0.00153374233129
unc,0.0
cod,0.0
dka,0.00766871165644
etk,0.0
con,0.00920245398773
poe,0.00460122699387
ucj,0.0368098159509
zpr,0.00306748466258
iop,0.00306748466258
dus,0.00153374233129
lgi,0.0
ota,0.0122699386503
gar,0.00460122699387
fik,0.0153374233129
yzm,0.0199386503067
adm,0.0122699386503
gnu,0.00153374233129
ait,0.0
oją,0.00613496932515
uny,0.00153374233129
gni,0.0337423312883
rwa,0.0322085889571
ivi,0.0
jąc,0.0122699386503
rdz,0.0322085889571
pau,0.0
ilu,0.00306748466258
ótu,0.0
uj],0.122699386503
lmó,0.0
ioz,0.0
nia,0.363496932515
syn,0.00766871165644
cej,0.0122699386503
kil,0.0230061349693
iof,0.0
żdż,0.0
niu,0.0981595092025
sja,0.0168711656442
ofe,0.00613496932515
zyk,0.069018404908
wyb,0.0874233128834
czą,0.0291411042945
uja,0.079754601227
dse,0.0
iłe,0.0
cyd,0.00766871165644
ipa,0.0
mfw,0.0
yła,0.0153374233129
lik,0.0352760736196
„ku,0.00153374233129
wen,0.00920245398773
waż,0.0
sal,0.00460122699387
wet,0.0122699386503
skl,0.021472392638
has,0.00153374233129
ałe,0.0122699386503
amb,0.00613496932515
bic,0.00920245398773
uza,0.00306748466258
óba,0.0
ały,0.0199386503067
opi,0.0444785276074
eet,0.0
óre,0.00613496932515
oży,0.00153374233129
ola,0.0996932515337
ijs,0.00306748466258
ezu,0.010736196319
olk,0.00306748466258
ezo,0.00460122699387
olu,0.0260736196319
życ,0.00613496932515
eza,0.0322085889571
ddz,0.00306748466258
est,0.257668711656
esz,0.11963190184
ykl,0.0245398773006
icz,0.343558282209
cne,0.00920245398773
umn,0.00460122699387
ruk,0.0260736196319
dca,0.00613496932515
otu,0.0138036809816
oel,0.0
egr,0.00766871165644
ndl,0.0153374233129
sre,0.0337423312883
acj,0.223926380368
pię,0.00460122699387
obu,0.00153374233129
yzy,0.00306748466258
mbo,0.0
nsm,0.0
ływ,0.00153374233129
kat,0.0720858895706
sop,0.00306748466258
łyc,0.00153374233129
wal,0.170245398773
log,0.0613496932515
słu,0.0
lom,0.0122699386503
gin,0.00306748466258
wne,0.0368098159509
elę,0.00306748466258
wny,0.0383435582822
azm,0.0
źdz,0.010736196319
utk,0.00153374233129
ząć,0.0
lys,0.00153374233129
ink,0.00766871165644
na[,0.00766871165644
pis,0.0920245398773
gre,0.00613496932515
nau,0.0230061349693
tie,0.010736196319
ubu,0.00306748466258
hwa,0.0153374233129
uba,0.00306748466258
ury,0.0291411042945
eop,0.00153374233129
agr,0.0475460122699
aln,0.164110429448
ron,0.0567484662577
sce,0.16717791411
ald,0.0
rox,0.0
osk,0.0184049079755
alz,0.00153374233129
pty,0.00920245398773
ror,0.00306748466258
ose,0.00613496932515
alp,0.0
smo,0.0
vet,0.0
ość,0.00920245398773
mwa,0.00306748466258
yzn,0.0460122699387
rto,0.00153374233129
fab,0.0
ius,0.0122699386503
wsc,0.0230061349693
hyd,0.0
tra,0.150306748466
„cz,0.00153374233129
iós,0.0
zdo,0.0260736196319
wsw,0.0
zda,0.00766871165644
rro,0.00153374233129
odz,0.199386503067
rre,0.0
odt,0.0
tez,0.0168711656442
odn,0.079754601227
tet,0.0383435582822
nbe,0.0
znó,0.0
ółp,0.00153374233129
nej,0.151840490798
suw,0.00153374233129
abr,0.00460122699387
zra,0.00153374233129
yca,0.00153374233129
led,0.0276073619632
mec,0.00306748466258
ozl,0.00460122699387
len,0.0337423312883
ydz,0.00460122699387
łza,0.0
lex,0.0
„sł,0.00613496932515
eko,0.0184049079755
boz,0.010736196319
eke,0.0
bot,0.00153374233129
rde,0.00306748466258
óln,0.00306748466258
ako,0.121165644172
aic,0.00613496932515
bon,0.0
rdo,0.00153374233129
wia,0.177914110429
uzb,0.00153374233129
roż,0.0
bri,0.00153374233129
eść,0.021472392638
jan,0.0828220858896
uso,0.00460122699387
dni,0.170245398773
usu,0.0
cht,0.00153374233129
pli,0.0153374233129
akó,0.00153374233129
zil,0.0230061349693
ołn,0.0
ętr,0.0
ook,0.0
łal,0.0
kso,0.00306748466258
ulz,0.0
err,0.00306748466258
egó,0.0
dev,0.0
erd,0.00920245398773
cam,0.00306748466258
ern,0.0460122699387
tni,0.131901840491
aci,0.0245398773006
drę,0.0
ygo,0.00920245398773
ńst,0.00613496932515
taf,0.0
ytr,0.0
czl,0.0184049079755
ryj,0.00460122699387
hiv,0.00306748466258
enh,0.0
zn/,0.00613496932515
sic,0.00460122699387
hot,0.00153374233129
lab,0.00153374233129
zęt,0.0
lat,0.133435582822
mak,0.00613496932515
leż,0.00613496932515
hon,0.00460122699387
ego,0.437116564417
ege,0.00613496932515
tty,0.00153374233129
zej,0.0858895705521
zep,0.0138036809816
jne,0.0475460122699
wui,0.0
w[e,0.00460122699387
uwa,0.0184049079755
imi,0.0368098159509
zał,0.0260736196319
enr,0.0245398773006
pcj,0.010736196319
ims,0.0
byd,0.00766871165644
asó,0.0
non,0.00613496932515
oku,0.168711656442
dat,0.0199386503067
noz,0.00613496932515
oki,0.0199386503067
im”,0.00153374233129
zwl,0.010736196319
zło,0.00613496932515
óźn,0.010736196319
izb,0.00613496932515
hcz,0.00153374233129
ret,0.0276073619632
cwi,0.0
bli,0.0628834355828
reb,0.00306748466258
gow,0.0168711656442
ajd,0.0199386503067
fto,0.0
ece,0.0322085889571
ort,0.0966257668712
eck,0.0398773006135
pub,0.0352760736196
go”,0.0
ase,0.00613496932515
nte,0.0352760736196
tru,0.0383435582822
isu,0.00153374233129
lta,0.0199386503067
isc,0.00766871165644
lto,0.010736196319
sa[,0.0
pgn,0.0
nho,0.0
onf,0.00766871165644
zar,0.0567484662577
zeł,0.0
wcó,0.0
jet,0.0153374233129
toj,0.00153374233129
xix,0.0184049079755
kos,0.110429447853
ukc,0.0122699386503
ebn,0.00306748466258
żał,0.00153374233129
pny,0.00460122699387
cyw,0.00306748466258
zwł,0.0
hut,0.0
udd,0.0
oge,0.00613496932515
jeh,0.0
rza,0.11963190184
stl,0.00613496932515
dta,0.0
ów[,0.00153374233129
zsz,0.0521472392638
rzw,0.0
and,0.079754601227
sac,0.010736196319
ann,0.00920245398773
pri,0.0
dżi,0.0
saw,0.0
anz,0.00153374233129
wcu,0.00460122699387
lib,0.00153374233129
mia,0.116564417178
lit,0.194785276074
wci,0.00306748466258
miu,0.0
iwa,0.0153374233129
aws,0.0306748466258
dla,0.0521472392638
kam,0.0260736196319
jul,0.00613496932515
awi,0.136503067485
tyt,0.0521472392638
ęks,0.00306748466258
don,0.010736196319
urn,0.00306748466258
cki,0.108895705521
dod,0.00460122699387
dor,0.0122699386503
urz,0.021472392638
rte,0.0122699386503
rsz,0.0812883435583
dlo,0.010736196319
uga,0.0122699386503
cyk,0.00153374233129
pkn,0.00153374233129
ugu,0.0199386503067
yck,0.00766871165644
zto,0.0245398773006
oco,0.00460122699387
zta,0.0199386503067
ocy,0.0199386503067
iek,0.153374233129
jad,0.00460122699387
iee,0.0
tał,0.0383435582822
dyz,0.00306748466258
woe,0.0
sse,0.00153374233129
eme,0.0153374233129
bat,0.00460122699387
ąca,0.00153374233129
emo,0.0322085889571
baz,0.00153374233129
lst,0.00306748466258
/ai,0.00306748466258
dpi,0.010736196319
arp,0.00766871165644
arz,0.0996932515337
ard,0.0429447852761
sek,0.0138036809816
arn,0.0751533742331
irz,0.0
lsz,0.0122699386503
irt,0.0
wos,0.0352760736196
dlu,0.0628834355828
ądz,0.00153374233129
luj,0.00460122699387
się,0.0812883435583
iku,0.0306748466258
kea,0.0
płe,0.0
osó,0.00153374233129
omm,0.00460122699387
iki,0.0245398773006
zby,0.0184049079755
dkr,0.00306748466258
ett,0.00306748466258
ill,0.0
gwi,0.00153374233129
wkę,0.0
fne,0.0
und,0.0122699386503
emó,0.00153374233129
ozr,0.0
kwi,0.0153374233129
pol,0.990797546012
pob,0.00766871165644
uci,0.00460122699387
swo,0.0322085889571
fri,0.0
swy,0.00306748466258
duz,0.0184049079755
iżb,0.0
zpo,0.0628834355828
dut,0.00153374233129
mys,0.0291411042945
dyż,0.00153374233129
dry,0.00920245398773
hd[,0.0
a[e,0.0460122699387
ys[,0.0
nry,0.0245398773006
lgr,0.0
ieć,0.0
ędn,0.0
fut,0.0
yso,0.010736196319
yse,0.00613496932515
sln,0.0
ędz,0.00153374233129
yśm,0.0
rbe,0.0
rtę,0.0
hdi,0.0
wko,0.0
ągo,0.0
cec,0.00153374233129
ewo,0.0659509202454
żna,0.0
tla,0.0
ewe,0.0
ews,0.0230061349693
ęść,0.0
syg,0.00306748466258
nif,0.0
sym,0.00613496932515
dgr,0.00153374233129
kic,0.104294478528
wdz,0.0
zyb,0.0260736196319
zof,0.0506134969325
nve,0.00153374233129
epn,0.00920245398773
tuł,0.00613496932515
lda,0.00153374233129
ldo,0.0
zop,0.0
weg,0.0414110429448
elb,0.00306748466258
wem,0.0184049079755
ske,0.00766871165644
ęgu,0.0
sko,0.0414110429448
bne,0.0368098159509
amk,0.0122699386503
bij,0.0
wać,0.00460122699387
ame,0.0368098159509
mok,0.010736196319
rny,0.0230061349693
już,0.00613496932515
bją,0.0
ową,0.00460122699387
ywy,0.0153374233129
dzó,0.0
ywo,0.0199386503067
zly,0.00153374233129
ożn,0.0
oll,0.00460122699387
ezb,0.021472392638
ddy,0.0
ess,0.00460122699387
yke,0.00766871165644
tłu,0.0
esy,0.00613496932515
pel,0.0138036809816
icy,0.0337423312883
eso,0.0138036809816
fon,0.00306748466258
umi,0.0276073619632
dch,0.0
oeu,0.00306748466258
póź,0.010736196319
plc,0.00306748466258
oec,0.00153374233129
zza,0.0
dza,0.0429447852761
ndo,0.00306748466258
dzk,0.0199386503067
ndy,0.00920245398773
msw,0.0
zuj,0.010736196319
obr,0.0460122699387
bje,0.00153374233129
owe,0.245398773006
sos,0.00153374233129
wak,0.00153374233129
lod,0.0291411042945
mko,0.00306748466258
lor,0.0122699386503
mku,0.00306748466258
waw,0.0
gim,0.00613496932515
sdt,0.0
ago,0.00460122699387
yma,0.0260736196319
żdy,0.0
but,0.0
juz,0.00460122699387
cia,0.090490797546
azn,0.0383435582822
cio,0.110429447853
ciu,0.021472392638
nno,0.00460122699387
rvi,0.0
mym,0.00306748466258
ind,0.0153374233129
pit,0.010736196319
naf,0.0
nal,0.0828220858896
dły,0.0
ige,0.0
naz,0.0429447852761
nne,0.0291411042945
for,0.0782208588957
age,0.0138036809816
ajp,0.0122699386503
eow,0.0
żyw,0.00306748466258
alo,0.122699386503
roo,0.0
osp,0.101226993865
ale,0.150306748466
nwe,0.00920245398773
osj,0.0122699386503
edw,0.00766871165644
mna,0.00460122699387
ros,0.0858895705521
tma,0.0
aun,0.010736196319
lku,0.010736196319
mpe,0.0122699386503
łem,0.00613496932515
wną,0.0
fau,0.0122699386503
fac,0.0
upo,0.0122699386503
dii,0.0
upe,0.00153374233129
trz,0.0889570552147
diu,0.0
rów,0.00766871165644
uel,0.0
ęde,0.0
tea,0.00613496932515
uef,0.0
odu,0.0322085889571
ecd,0.00153374233129
odo,0.0981595092025
teu,0.0
nek,0.00766871165644
ówn,0.00613496932515
abi,0.00920245398773
zrz,0.00460122699387
zać,0.0
ycj,0.0230061349693
abs,0.00153374233129
new,0.00153374233129
ozg,0.0
yde,0.0429447852761
leo,0.00766871165644
met,0.0122699386503
ozs,0.00766871165644
ozy,0.0368098159509
ekn,0.00460122699387
czę,0.00613496932515
gla,0.00613496932515
lki,0.0322085889571
gno,0.00766871165644
sji,0.0168711656442
boo,0.0
kąt,0.0
glu,0.00306748466258
rks,0.0
spó,0.00766871165644
rke,0.00153374233129
czy,0.230061349693
apo,0.0199386503067
uzu,0.0
rko,0.010736196319
ape,0.00460122699387
cha,0.0276073619632
twe,0.0122699386503
łeć,0.0
ust,0.0720858895706
chu,0.0138036809816
lwa,0.0
usz,0.0628834355828
oło,0.00460122699387
nkc,0.0138036809816
ołe,0.0
jmu,0.0245398773006
nkw,0.0
kgh,0.0
łam,0.00306748466258
inę,0.0
ers,0.0429447852761
ług,0.00460122699387
ere,0.0613496932515
yjs,0.010736196319
ulo,0.00613496932515
cal,0.0245398773006
dea,0.00766871165644
ero,0.0414110429448
ule,0.0245398773006
idu,0.00613496932515
ygn,0.0138036809816
czw,0.0
yzo,0.0
tag,0.0
ual,0.00920245398773
spo,0.271472392638
tai,0.0
wkr,0.00153374233129
ryk,0.0322085889571
sit,0.0
eni,0.265337423313
slo,0.0414110429448
ążk,0.00460122699387
dwa,0.0138036809816
ryw,0.021472392638
nów,0.00460122699387
dwo,0.0168711656442
bka,0.0
lac,0.118098159509
lau,0.0
kcj,0.0276073619632
sny,0.00766871165644
egz,0.00460122699387
dym,0.0
ylk,0.00920245398773
egn,0.00306748466258
egd,0.00306748466258
stą,0.00153374233129
iąz,0.00613496932515
zek,0.0552147239264
iąt,0.00920245398773
ita,0.0444785276074
lsu,0.00306748466258
chę,0.0
itw,0.0322085889571
fiu,0.0
gła,0.00153374233129
fic,0.0383435582822
ens,0.00460122699387
pca,0.00306748466258
rwc,0.0153374233129
ceb,0.0
dac,0.0245398773006
nyc,0.222392638037
żow,0.00153374233129
yne,0.00766871165644
esł,0.00153374233129
skł,0.0
lfr,0.0
eje,0.021472392638
izm,0.0398773006135
ajk,0.010736196319
rec,0.0184049079755
aje,0.0322085889571
rię,0.00460122699387
jum,0.00153374233129
asp,0.0
rld,0.0
oru,0.0260736196319
ecj,0.00766871165644
dać,0.0
ork,0.00920245398773
lma,0.00306748466258
syl,0.0
at[,0.0
ora,0.193251533742
aną,0.00766871165644
lm[,0.0
ata,0.090490797546
ydo,0.0184049079755
ist,0.182515337423
atw,0.0
isb,0.00153374233129
zwó,0.0
oni,0.0705521472393
zag,0.0352760736196
ong,0.00153374233129
zas,0.121165644172
maj,0.0276073619632
kon,0.134969325153
iad,0.0291411042945
jec,0.00613496932515
ukl,0.0
kor,0.0352760736196
rso,0.00306748466258
odę,0.00306748466258
rsa,0.00153374233129
ogr,0.0613496932515
ude,0.00460122699387
cyj,0.0644171779141
ktu,0.0490797546012
aan,0.00306748466258
stw,0.171779141104
aap,0.0
żać,0.0
sty,0.141104294479
ane,0.0858895705521
ano,0.122699386503
raw,0.136503067485
onó,0.0
zog,0.0
liu,0.00306748466258
miz,0.00153374233129
ype,0.0
wch,0.00613496932515
mit,0.0368098159509
tyi,0.0
awr,0.00153374233129
kal,0.0444785276074
„dl,0.0
kaz,0.0766871165644
dąc,0.0
sfa,0.0
ure,0.0153374233129
wył,0.00306748466258
edc,0.0
uro,0.0674846625767
doe,0.0
lpl,0.0
dos,0.0260736196319
oju,0.0153374233129
tko,0.0322085889571
rtn,0.00306748466258
tku,0.0245398773006
oja,0.0199386503067
pko,0.00153374233129
nga,0.0122699386503
ocn,0.0153374233129
iep,0.0138036809816
iej,0.354294478528
w[p,0.0
ocr,0.0
ied,0.128834355828
ńsk,0.00153374233129
hia,0.0
„sa,0.0
hik,0.00153374233129
emd,0.00153374233129
zkw,0.0
emn,0.0184049079755
emp,0.0168711656442
stm,0.00153374233129
gał,0.0
ebe,0.0
rmu,0.00306748466258
ebo,0.0
nuo,0.00306748466258
sed,0.00153374233129
are,0.0306748466258
rmi,0.0245398773006
sej,0.0352760736196
aro,0.115030674847
ncu,0.00613496932515
wor,0.079754601227
ybk,0.010736196319
iro,0.0
wod,0.0920245398773
luk,0.00613496932515
ozm,0.00920245398773
ikt,0.00613496932515
zbl,0.0
cją,0.0
zbr,0.00920245398773
tua,0.0138036809816
cor,0.00460122699387
etu,0.00920245398773
ilm,0.0153374233129
kta,0.00153374233129
etc,0.0
ils,0.00306748466258
cof,0.00153374233129
dko,0.010736196319
uno,0.0
eży,0.00306748466258
reś,0.0
pow,0.283742331288
wśr,0.0
edi,0.00766871165644
pom,0.0460122699387
poc,0.0874233128834
uch,0.0674846625767
dua,0.00306748466258
xaw,0.0
ade,0.0736196319018
gaz,0.0276073619632
akz,0.0598159509202
otc,0.0
yze,0.010736196319
otw,0.00766871165644
fii,0.0153374233129
slu,0.0199386503067
eiz,0.0
elw,0.0
gna,0.0122699386503
sla,0.191717791411
uit,0.0
iva,0.0
cił,0.00306748466258
pzp,0.0
rio,0.00460122699387
rie,0.0184049079755
bik,0.0
ewn,0.0230061349693
paw,0.00920245398773
cja,0.118098159509
zgi,0.00153374233129
ewr,0.00153374233129
pak,0.00460122699387
une,0.00153374233129
nii,0.0337423312883
syf,0.00153374233129
iv/,0.00306748466258
nig,0.00613496932515
kit,0.0
ion,0.090490797546
śró,0.0
iod,0.00153374233129
wyt,0.00766871165644
zyc,0.10736196319
jsk,0.0812883435583
epy,0.0
lic,0.187116564417
wyz,0.0674846625767
kto,0.153374233129
epo,0.0337423312883
ily,0.0429447852761
wał,0.0383435582822
łyś,0.0
skr,0.00460122699387
elc,0.00766871165644
tok,0.00920245398773
ężc,0.0
wel,0.0153374233129
ely,0.010736196319
rgi,0.00153374233129
wnę,0.0
adk,0.010736196319
yśl,0.0
opu,0.0414110429448
upą,0.0
pso,0.0
bia,0.0276073619632
ein,0.0
woł,0.00153374233129
opa,0.0398773006135
lco,0.0
ywr,0.0
efe,0.0153374233129
oże,0.00153374233129
órk,0.0
ywn,0.0122699386503
ożo,0.00153374233129
olc,0.0138036809816
ezw,0.00613496932515
olm,0.0
ezi,0.0199386503067
olw,0.0
ezc,0.00920245398773
ykr,0.00153374233129
esn,0.0398773006135
pse,0.00306748466258
rpn,0.010736196319
cni,0.0184049079755
v/a,0.00306748466258
dci,0.00766871165644
rug,0.010736196319
oet,0.00153374233129
ałó,0.00153374233129
tyc,0.165644171779
zuw,0.00306748466258
ach,0.276073619632
yle,0.00153374233129
dzt,0.0352760736196
zuk,0.0
ndr,0.0245398773006
obs,0.0352760736196
ida,0.00920245398773
mbi,0.0
nso,0.00920245398773
nsy,0.00460122699387
sor,0.00306748466258
bse,0.00153374233129
mbu,0.0
rcy,0.00153374233129
mkn,0.00153374233129
yre,0.00153374233129
los,0.0567484662577
sła,0.0153374233129
rce,0.00766871165644
gil,0.0
sło,0.00613496932515
tvp,0.0122699386503
buc,0.0122699386503
zim,0.0245398773006
dme,0.0
azo,0.0184049079755
cin,0.0260736196319
azy,0.021472392638
utw,0.0306748466258
cit,0.0
twy,0.00153374233129
gól,0.0
mte,0.0
oho,0.0
iny,0.0122699386503
pia,0.00613496932515
cbo,0.0
ins,0.00460122699387
śle,0.0
waj,0.021472392638
ine,0.0168711656442
piu,0.00306748466258
nag,0.0138036809816
nam,0.00153374233129
jce,0.00460122699387
igd,0.00306748466258
każ,0.00306748466258
hwi,0.00306748466258
kun,0.0
uby,0.00306748466258
agn,0.0199386503067
bco,0.0
agd,0.00460122699387
osy,0.00613496932515
all,0.00460122699387
alb,0.00306748466258
ie[,0.00153374233129
pta,0.00153374233129
roz,0.199386503067
scy,0.0184049079755
rot,0.0245398773006
ver,0.0
aug,0.00766871165644
e/k,0.0
iii,0.0490797546012
lkr,0.00153374233129
edn,0.13036809816
węg,0.0
uwi,0.0
tri,0.00766871165644
upl,0.0
dró,0.00920245398773
c[e,0.0
trw,0.0260736196319
hta,0.0
yci,0.0383435582822
akw,0.00153374233129
zro,0.0521472392638
net,0.0168711656442
kuc,0.00920245398773
ozd,0.0122699386503
aik,0.00306748466258
lef,0.00306748466258
mem,0.00920245398773
lep,0.00460122699387
kać,0.0
sią,0.0122699386503
lez,0.0506134969325
źni,0.010736196319
dru,0.0230061349693
oca,0.00920245398773
dro,0.0398773006135
uzj,0.0
wio,0.00766871165644
wiu,0.0
apl,0.00613496932515
dna,0.0414110429448
fen,0.00153374233129
chl,0.00766871165644
ymc,0.0
msk,0.00920245398773
usy,0.0
krz,0.021472392638
ład,0.00153374233129
czt,0.00920245398773
łaj,0.0
ksi,0.021472392638
tna,0.00920245398773
łud,0.0
cac,0.021472392638
deb,0.00306748466258
osą,0.00153374233129
zje,0.0245398773006
tat,0.0536809815951
ygm,0.00766871165644
eźr,0.0
czb,0.0521472392638
taj,0.0322085889571
hol,0.00766871165644
sia,0.0322085889571
ent,0.145705521472
ryt,0.0352760736196
sio,0.00460122699387
dzw,0.00153374233129
laj,0.0153374233129
ród,0.0
mac,0.0506134969325
lav,0.0
mam,0.00613496932515
zni,0.159509202454
ażd,0.00306748466258
zeb,0.0153374233129
§tv,0.00153374233129
zeh,0.0
ima,0.0168711656442
fiz,0.00306748466258
jeż,0.0
byl,0.127300613497
ogą,0.00153374233129
fin,0.010736196319
dal,0.0352760736196
nob,0.00306748466258
oka,0.0475460122699
lzo,0.0
not,0.0153374233129
józ,0.00153374233129
łtw,0.0
nfo,0.00613496932515
zwr,0.0
lfa,0.0
pró,0.00460122699387
hly,0.00306748466258
hlo,0.00153374233129
hle,0.0
ków,0.00306748466258
nt”,0.0
dst,0.0276073619632
rej,0.021472392638
ajl,0.00306748466258
ejr,0.00306748466258
nty,0.0352760736196
ecc,0.00153374233129
puj,0.0260736196319
sów,0.0
eci,0.111963190184
mmo,0.00460122699387
rly,0.00306748466258
ask,0.0996932515337
atn,0.0398773006135
lty,0.00460122699387
rt[,0.00460122699387
isk,0.0383435582822
jez,0.0659509202454
att,0.0
zły,0.0
isa,0.0720858895706
zan,0.0536809815951
onn,0.0138036809816
zad,0.0782208588957
ond,0.00766871165644
zaz,0.00460122699387
ia[,0.00766871165644
zeź,0.0
zap,0.0168711656442
iam,0.010736196319
tor,0.268404907975
iag,0.0230061349693
gie,0.0245398773006
tof,0.00766871165644
uka,0.0536809815951
tfo,0.021472392638
hul,0.0
cyc,0.0322085889571
pno,0.0
rst,0.0260736196319
ccy,0.00153374233129
ąsi,0.0
ben,0.0
zsr,0.00460122699387
rzo,0.0322085889571
jen,0.0184049079755
ybr,0.0184049079755
bed,0.010736196319
nza,0.0
ybl,0.0
ias,0.0628834355828
jną,0.0
ber,0.0184049079755
sak,0.00613496932515
pra,0.220858895706
ran,0.184049079755
zją,0.00153374233129
dża,0.0
lbi,0.0
raz,0.194785276074
mii,0.010736196319
lil,0.00766871165644
mic,0.0245398773006
wca,0.010736196319
zor,0.00613496932515
tyj,0.0
iwo,0.0122699386503
kas,0.00613496932515
nęt,0.0
„do,0.0
cka,0.0122699386503
dol,0.0138036809816
doz,0.0
urr,0.0
ka[,0.00306748466258
dop,0.0260736196319
ugi,0.00613496932515
ojr,0.0
rti,0.0276073619632
dby,0.0138036809816
ojn,0.0490797546012
hry,0.00920245398773
loń,0.0
ymy,0.00306748466258
ies,0.133435582822
wzr,0.0291411042945
kum,0.00153374233129
jal,0.0337423312883
iem,0.203987730061
ztu,0.0306748466258
ocu,0.00153374233129
ieg,0.113496932515
geu,0.0
dyt,0.139570552147
swą,0.00153374233129
dyn,0.0368098159509
yfr,0.010736196319
hil,0.0
bar,0.0398773006135
aźn,0.0
emi,0.102760736196
ems,0.0
ban,0.00766871165644
stn,0.0260736196319
lny,0.079754601227
sec,0.0
ebr,0.00460122699387
lne,0.0751533742331
zył,0.0122699386503
ćdz,0.0
rzu,0.0153374233129
wom,0.00613496932515
lub,0.0521472392638
zbe,0.00920245398773
łoż,0.00306748466258
ome,0.021472392638
wyś,0.0
oms,0.0
ika,0.0613496932515
omy,0.00306748466258
iko,0.0414110429448
gwa,0.00153374233129
nił,0.00306748466258
tęp,0.0122699386503
żin,0.0
etn,0.0383435582822
kwa,0.00460122699387
ozp,0.0398773006135
pot,0.0398773006135
poj,0.0291411042945
uca,0.0
fra,0.0383435582822
fro,0.00920245398773
zpa,0.00460122699387
ęci,0.00613496932515
cou,0.0
mln,0.0168711656442
rat,0.058282208589
eig,0.0
fun,0.021472392638
rbc,0.0
„na,0.0
iśc,0.00153374233129
ekc,0.00613496932515
wku,0.00153374233129
ńcz,0.00920245398773
pal,0.0230061349693
phi,0.00153374233129
iow,0.0659509202454
nid,0.0
sys,0.0291411042945
iom,0.0122699386503
rwn,0.0
łod,0.00613496932515
śmi,0.00153374233129
cew,0.0
wys,0.0536809815951
epl,0.0
wyo,0.00153374233129
jst,0.00766871165644
cią,0.00920245398773
/ko,0.00766871165644
bny,0.0521472392638
wee,0.00153374233129
liv,0.0
wes,0.0168711656442
gmy,0.0
wey,0.0
ski,0.668711656442
„bi,0.0
psl,0.0
mos,0.00920245398773
rna,0.0138036809816
psz,0.00153374233129
bit,0.0168711656442
mog,0.0199386503067
jch,0.0
zlo,0.0429447852761
owę,0.00153374233129
eek,0.00153374233129
nja,0.0
old,0.00920245398773
ezp,0.0138036809816
oln,0.104294478528
ezj,0.0184049079755
zcz,0.13036809816
ick,0.0398773006135
bsz,0.0306748466258
pet,0.0
ica,0.0291411042945
pen,0.0
uma,0.00920245398773
plu,0.0
run,0.0184049079755
rud,0.0230061349693
pla,0.0490797546012
amó,0.00153374233129
obn,0.101226993865
bsl,0.00306748466258
aca,0.0398773006135
nda,0.0230061349693
obd,0.0
aco,0.0352760736196
zub,0.00153374233129
acu,0.0168711656442
ndu,0.00460122699387
sok,0.00920245398773
nsz,0.00153374233129
owy,0.191717791411
nst,0.0475460122699
ows,0.165644171779
het,0.00153374233129
rcz,0.0368098159509
vad,0.00153374233129
lop,0.010736196319
uss,0.00460122699387
gik,0.00613496932515
eam,0.0
eag,0.00306748466258
jur,0.0
żde,0.0
moś,0.0
mdz,0.00153374233129
cim,0.00306748466258
azz,0.0
utt,0.0
ści,0.0628834355828
lyt,0.0
uic,0.0
inz,0.0
nny,0.0506134969325
inf,0.021472392638
nad,0.118098159509
tit,0.0
grz,0.010736196319
nar,0.0812883435583
tin,0.00153374233129
źro,0.0
dłu,0.00460122699387
igi,0.0184049079755
umę,0.0
rań,0.0
ubl,0.0383435582822
izd,0.0
rła,0.00153374233129
agm,0.00306748466258
bch,0.0
eou,0.0
eda,0.0230061349693
osr,0.00613496932515
alc,0.00613496932515
mni,0.0552147239264
alm,0.0
osl,0.069018404908
aly,0.0843558282209
ptv,0.0
rou,0.00153374233129
szo,0.0736196319018
ves,0.00153374233129
auf,0.00306748466258
ołą,0.00153374233129
vey,0.0
dsk,0.00306748466258
jdl,0.00460122699387
łec,0.0
mpi,0.00306748466258
fak,0.00460122699387
mla,0.0
iut,0.0
mył,0.0
upc,0.00306748466258
gul,0.00766871165644
eśn,0.0138036809816
upy,0.0199386503067
ajg,0.0
edu,0.021472392638
odw,0.00153374233129
sił,0.00613496932515
ąta,0.0
oda,0.058282208589
tew,0.00153374233129
aba,0.00153374233129
ygł,0.00460122699387
ek…,0.0
abk,0.00153374233129
kul,0.0276073619632
abu,0.00766871165644
ółk,0.00460122699387
kub,0.0122699386503
oze,0.0414110429448
eną,0.0
leg,0.0598159509202
mel,0.0
ozk,0.00460122699387
kze,0.0598159509202
poś,0.00153374233129
gli,0.00460122699387
ekl,0.00613496932515
bwa,0.0
bow,0.021472392638
sjo,0.00153374233129
akl,0.00613496932515
sje,0.0122699386503
brz,0.0230061349693
uzk,0.0
win,0.0230061349693
ips,0.0
wit,0.0168711656442
„ga,0.0
rki,0.0184049079755
ósł,0.0
chc,0.00306748466258
mst,0.0
chm,0.0
łok,0.00153374233129
lwi,0.00153374233129
chw,0.0199386503067
oob,0.0
lką,0.0
nko,0.058282208589
oły,0.0
uże,0.0
yja,0.0199386503067
uly,0.00306748466258
klo,0.0
ibe,0.00153374233129
cat,0.0
żko,0.00306748466258
erg,0.00306748466258
ulm,0.00153374233129
dec,0.0184049079755
eri,0.0138036809816
ids,0.00306748466258
ygr,0.00460122699387
spa,0.00766871165644
czc,0.0
tak,0.108895705521
ena,0.0444785276074
dwy,0.00153374233129
wór,0.00613496932515
hos,0.00306748466258
ogł,0.0
sin,0.00613496932515
sne,0.0138036809816
lak,0.0184049079755
max,0.0
law,0.121165644172
mal,0.0720858895706
stó,0.00153374233129
akż,0.00766871165644
ażo,0.00153374233129
sęp,0.0
egl,0.0230061349693
yli,0.0383435582822
zec,0.165644171779
enk,0.0368098159509
iti,0.0
a/l,0.0
zew,0.0490797546012
itu,0.010736196319
byw,0.0337423312883
cla,0.0245398773006
fia,0.0276073619632
nsa,0.0
euv,0.0
byc,0.0138036809816
dam,0.0306748466258
noc,0.0475460122699
daw,0.0352760736196
nou,0.00306748466258
zei,0.0
órc,0.00153374233129
ylw,0.0
zwo,0.0337423312883
zwy,0.0168711656442
yny,0.0138036809816
ęło,0.0
buk,0.0
yns,0.0
ouj,0.00306748466258
zoś,0.0122699386503
ejm,0.0444785276074
ize,0.010736196319
god,0.0291411042945
ajs,0.010736196319
izo,0.010736196319
rek,0.021472392638
sją,0.0
ajm,0.0276073619632
izy,0.021472392638
rea,0.021472392638
ejs,0.157975460123
łko,0.00153374233129
ntr,0.0322085889571
ors,0.0322085889571
ech,0.0705521472393
lmi,0.0
ori,0.0613496932515
usl,0.00153374233129
sób,0.00153374233129
kał,0.00920245398773
ato,0.11963190184
jam,0.00766871165644
isj,0.0199386503067
atu,0.125766871166
kad,0.021472392638
jwa,0.00460122699387
[ed,0.128834355828
wle,0.0
ste,0.113496932515
zao,0.00153374233129
ono,0.128834355828
one,0.0751533742331
zwę,0.0
ons,0.058282208589
ipe,0.0
ial,0.151840490798
§lo,0.0
tos,0.0306748466258
ukt,0.0199386503067
koz,0.00153374233129
kot,0.00920245398773
iar,0.0368098159509
ięd,0.0
tec,0.0153374233129
udw,0.00153374233129
cyt,0.00306748466258
hum,0.00613496932515
ogl,0.010736196319
vie,0.0
yby,0.00920245398773
rzn,0.00920245398773
sto,0.191717791411
rma,0.0352760736196
hdt,0.0
bes,0.0
„ag,0.0
ang,0.0230061349693
rao,0.0
ebs,0.0
ani,0.503067484663
adi,0.0184049079755
ans,0.058282208589
sat,0.021472392638
efy,0.00306748466258
aży,0.0
lim,0.0153374233129
zos,0.15490797546
ypk,0.0
„dz,0.0
jsc,0.0552147239264
kar,0.0352760736196
tyw,0.0260736196319
dom,0.0383435582822
tpl,0.0
uri,0.00460122699387
asł,0.0
axa,0.0
rsi,0.0
sun,0.0138036809816
ojs,0.0337423312883
sze,0.196319018405
rtr,0.00920245398773
ojo,0.00460122699387
dsu,0.0
jaw,0.0168711656442
ier,0.29754601227
ytó,0.0
ngu,0.00306748466258
ych,0.435582822086
iel,0.257668711656
wzi,0.00153374233129
jac,0.141104294479
ela,0.0782208588957
gaż,0.00306748466258
get,0.00153374233129
yfi,0.010736196319
mty,0.0
bas,0.0
dy[,0.0
sho,0.00153374233129
ars,0.110429447853
ebi,0.0184049079755
num,0.0
seb,0.0
arg,0.00306748466258
ują,0.00306748466258
rmo,0.00613496932515
woz,0.021472392638
jow,0.0536809815951
yłe,0.0
wol,0.079754601227
luc,0.00153374233129
ira,0.00153374233129
lum,0.0122699386503
muj,0.0184049079755
adw,0.00613496932515
omr,0.0
wte,0.0
tuc,0.0398773006135
ile,0.00613496932515
joa,0.0
wyż,0.0
ilk,0.0276073619632
azu,0.0184049079755
eta,0.0414110429448
oct,0.0
eto,0.0429447852761
ęgl,0.0
łoś,0.0
ucz,0.0184049079755
pok,0.021472392638
ieł,0.0
ocz,0.145705521472
ież,0.00460122699387
wer,0.0199386503067
duc,0.0
pci,0.0
yzs,0.0245398773006
xxx,0.00153374233129
edo,0.010736196319
ote,0.0245398773006
śre,0.00153374233129
gan,0.0552147239264
drz,0.0383435582822
eir,0.0
ysl,0.0506134969325
mlo,0.00460122699387
ysz,0.0153374233129
sli,0.010736196319
ysp,0.00460122699387
ric,0.00153374233129
cji,0.173312883436
yża,0.00153374233129
ewz,0.00153374233129
pac,0.0138036809816
pam,0.00153374233129
nio,0.0966257668712
ytę,0.0
nie,1.0
iol,0.090490797546
wpi,0.00460122699387
nis,0.0981595092025
rwo,0.00306748466258
zy[,0.0
wyr,0.0184049079755
kne,0.00153374233129
kle,0.00153374233129
zyw,0.0398773006135
zoi,0.0
wyn,0.0659509202454
epc,0.00920245398773
iło,0.00460122699387
xem,0.0
iły,0.00153374233129
rpr,0.0
rwy,0.00153374233129
ldz,0.00153374233129
okł,0.0
hom,0.00920245398773
elk,0.0506134969325
wed,0.0306748466258
hac,0.00153374233129
rga,0.0567484662577
liw,0.0230061349693
adc,0.0184049079755
cuj,0.00920245398773
elu,0.0260736196319
aml,0.0
mor,0.0506134969325
opy,0.0168711656442
tów,0.00766871165644
amp,0.00306748466258
biu,0.0
kró,0.00306748466258
ybs,0.0
tia,0.0260736196319
ciż,0.0
zce,0.0
ofi,0.0460122699387
ole,0.147239263804
olo,0.127300613497
ija,0.0368098159509
oly,0.0199386503067
icj,0.00920245398773
esp,0.0138036809816
jga,0.00613496932515
tyk,0.0843558282209
wiz,0.0598159509202
cna,0.0
esl,0.0368098159509
ict,0.0260736196319
dui,0.0
zu[,0.0
czu,0.0122699386503
rus,0.0322085889571
obo,0.0536809815951
dzb,0.0
obe,0.0383435582822
acn,0.00153374233129
zuc,0.010736196319
ndz,0.00306748466258
kro,0.0306748466258
act,0.00306748466258
zui,0.00153374233129
kre,0.102760736196
owl,0.00306748466258
aha,0.00460122699387
gło,0.00766871165644
soj,0.00306748466258
nsu,0.00460122699387
owr,0.00306748466258
ałą,0.00153374233129
wah,0.00306748466258
lok,0.0122699386503
sły,0.0
zie,0.286809815951
wat,0.0398773006135
gij,0.0122699386503
ehi,0.00306748466258
eal,0.0184049079755
wni,0.102760736196
jus,0.00460122699387
toi,0.0
uta,0.00766871165644
aza,0.0705521472393
uto,0.0153374233129
cil,0.00306748466258
utu,0.0
ącz,0.00920245398773
ońs,0.0
pic,0.0
óze,0.00153374233129
otk,0.00613496932515
głó,0.00153374233129
ing,0.0122699386503
gru,0.0659509202454
oan,0.0
nas,0.0567484662577
tio,0.00460122699387
gra,0.161042944785
jci,0.00153374233129
urs,0.00306748466258
rzt,0.0
agl,0.0122699386503
bci,0.0
eon,0.00153374233129
żąc,0.0
eot,0.00153374233129
bcu,0.0
sco,0.00153374233129
pti,0.0
rob,0.0414110429448
osu,0.010736196319
edl,0.0536809815951
oso,0.131901840491
edz,0.0889570552147
rta,0.0168711656442
lla,0.00460122699387
szl,0.0168711656442
gąc,0.0
aus,0.00613496932515
vel,0.0
łej,0.00306748466258
far,0.00613496932515
sca,0.00920245398773
kcy,0.00306748466258
uwe,0.0
trk,0.0
tre,0.0276073619632
gus,0.0153374233129
sma,0.00306748466258
eśc,0.021472392638
wię,0.00613496932515
tej,0.0644171779141
tny,0.00613496932515
ted,0.0199386503067
rra,0.0
odb,0.0306748466258
ówi,0.00153374233129
bda,0.0
eca,0.0
ółt,0.0
sum,0.00306748466258
yco,0.0
ner,0.0138036809816
kua,0.0
ozb,0.0184049079755
rla,0.0245398773006
róż,0.00920245398773
ler,0.0138036809816
mię,0.00153374233129
eka,0.0276073619632
rda,0.0
ekw,0.00306748466258
wig,0.00613496932515
złą,0.0
bry,0.00613496932515
apt,0.00153374233129
bro,0.0322085889571
wis,0.0383435582822
bre,0.0
use,0.0
fel,0.00460122699387
usk,0.0153374233129
chn,0.0613496932515
zib,0.0
jaj,0.00613496932515
ętn,0.00153374233129
łab,0.00153374233129
dze,0.069018404908
ert,0.00766871165644
jdo,0.0
ibl,0.00306748466258
dep,0.0
jda,0.0
ult,0.0230061349693
zuz,0.0
dej,0.00920245398773
ymo,0.00920245398773
flo,0.00306748466258
dną,0.00306748466258
eźl,0.00153374233129
tab,0.00920245398773
sis,0.0
enb,0.0
ryf,0.0
hop,0.0
ról,0.0
„le,0.0
lad,0.159509202454
hod,0.0950920245399
aow,0.00153374233129
zna,0.211656441718
zno,0.021472392638
egu,0.0122699386503
jęł,0.0
paz,0.00613496932515
zen,0.164110429448
owo,0.10736196319
koś,0.00766871165644
zet,0.0276073619632
jni,0.021472392638
itr,0.00153374233129
akc,0.0168711656442
fir,0.00613496932515
ssa,0.0
byt,0.010736196319
dja,0.00153374233129
hin,0.00306748466258
pad,0.0383435582822
fil,0.0674846625767
ukę,0.0
owa,0.521472392638
dan,0.0444785276074
kko,0.0
dap,0.0
daz,0.0
ynn,0.010736196319
zwz,0.00306748466258
zbę,0.0
raż,0.00306748466258
gom,0.0
ejn,0.0184049079755
rał,0.00153374233129
gog,0.00153374233129
ajt,0.0
reh,0.00306748466258
ajn,0.0168711656442
ble,0.010736196319
izz,0.0
ref,0.0398773006135
gos,0.0598159509202
toz,0.0
rlo,0.0
orz,0.108895705521
asu,0.0
ntu,0.0230061349693
asc,0.00306748466258
nto,0.0245398773006
asi,0.0536809815951
quo,0.00460122699387
atf,0.021472392638
etł,0.0
żon,0.00460122699387
isi,0.0
atr,0.0260736196319
lte,0.00460122699387
top,0.0352760736196
zal,0.0644171779141
nha,0.0
zab,0.0230061349693
onz,0.0
łni,0.00153374233129
jer,0.0245398773006
koc,0.0184049079755
uks,0.00460122699387
ton,0.0122699386503
uki,0.0230061349693
ców,0.00153374233129
tod,0.00460122699387
ięg,0.00153374233129
y[e,0.0184049079755
rsj,0.00306748466258
ogu,0.0
ęki,0.0
ogo,0.0337423312883
pna,0.0
oga,0.021472392638
tta,0.0
dto,0.00920245398773
bel,0.00460122699387
nzy,0.00153374233129
bez,0.0337423312883
m[e,0.0
jel,0.0122699386503
str,0.147239263804
rmf,0.00153374233129
rzy,0.319018404908
raf,0.0398773006135
ral,0.0598159509202
anj,0.0
pru,0.00460122699387
zję,0.00306748466258
świ,0.00613496932515
lid,0.010736196319
mik,0.00613496932515
ypt,0.00460122699387
wcy,0.00153374233129
lin,0.0414110429448
mie,0.335889570552
dję,0.00153374233129
lip,0.0153374233129
liz,0.0429447852761
awy,0.0122699386503
awo,0.0490797546012
sąs,0.0
awe,0.0322085889571
typ,0.00766871165644
iwy,0.0
fer,0.0138036809816
dob,0.0383435582822
cku,0.0
lpi,0.0
pkp,0.00766871165644
ugo,0.0199386503067
ojp,0.0
uge,0.0
szz,0.00153374233129
daż,0.0
szp,0.0
dbu,0.00613496932515
oci,0.0184049079755
ytn,0.00306748466258
ngl,0.00153374233129
jat,0.00766871165644
ieu,0.0
ksa,0.00766871165644
ieo,0.00153374233129
tąp,0.00153374233129
ztw,0.0352760736196
ksk,0.0
hip,0.0
geo,0.0168711656442
dyb,0.00153374233129
koi,0.0
ema,0.0245398773006
bap,0.0
emk,0.00153374233129
yce,0.00306748466258
dpo,0.00920245398773
bal,0.00920245398773
rzm,0.00153374233129
seu,0.00460122699387
art,0.0766871165644
nut,0.0
pał,0.0
nuj,0.010736196319
iąc,0.00306748466258
zkl,0.00306748466258
dle,0.0230061349693
luz,0.0153374233129
jął,0.00613496932515
lud,0.0736196319018
jte,0.0
woa,0.0
iks,0.00306748466258
zbi,0.0322085889571
job,0.00153374233129
pła,0.0
tud,0.00460122699387
etr,0.0260736196319
unt,0.010736196319
cow,0.0705521472393
tuj,0.171779141104
tle,0.00766871165644
cok,0.0
etl,0.0
por,0.127300613497
ucy,0.00460122699387
§Ży,0.0
uco,0.00153374233129
swi,0.110429447853
duj,0.0168711656442
łuż,0.0
szł,0.00306748466258
jol,0.0
żuj,0.0
dud,0.0
zpi,0.010736196319
mco,0.0
otl,0.00153374233129
gaw,0.00306748466258
mce,0.0
nna,0.0168711656442
gac,0.00920245398773
ysc,0.00766871165644
rbu,0.0
źli,0.00153374233129
ais,0.0
ysy,0.00306748466258
e[e,0.0245398773006
rba,0.00920245398773
wki,0.00306748466258
jpo,0.0122699386503
rit,0.00306748466258
tza,0.0
aku,0.010736196319
pap,0.00766871165644
zgr,0.00613496932515
zgl,0.0337423312883
pan,0.0276073619632
nil,0.0199386503067
niz,0.104294478528
dra,0.0168711656442
ois,0.0
ioa,0.0
zyn,0.0598159509202
ept,0.0
ofn,0.0
wyg,0.0138036809816
zyt,0.0383435582822
jba,0.00766871165644
wym,0.0736196319018
zyz,0.0306748466258
ącą,0.0
lde,0.0
sku,0.0322085889571
adt,0.00920245398773
yśw,0.0
gma,0.00153374233129
adz,0.15490797546
ska,0.273006134969
gmu,0.00766871165644
rni,0.0506134969325
amo,0.0368098159509
amy,0.00460122699387
ałt,0.00153374233129
opl,0.00153374233129
rąd,0.0
zli,0.00613496932515
tęż,0.0
ywe,0.00766871165644
olf,0.0
zch,0.0245398773006
ezr,0.00613496932515
olp,0.00460122699387
rpi,0.0
ezd,0.00153374233129
olz,0.0
ici,0.0260736196319
yki,0.0322085889571
ese,0.00766871165644
dda,0.00460122699387
esk,0.0337423312883
nmp,0.0
ply,0.0199386503067
ruz,0.00153374233129
dcz,0.0245398773006
plo,0.00153374233129
rup,0.0475460122699
ndi,0.0
obl,0.021472392638
idz,0.00766871165644
pół,0.00766871165644
dzo,0.0506134969325
dzy,0.0766871165644
twh,0.0
nsh,0.0
soc,0.00613496932515
bja,0.0
som,0.00306748466258
wa[,0.00306748466258
sow,0.0736196319018
lob,0.00460122699387
xpo,0.0
nań,0.00153374233129
val,0.0
wag,0.010736196319
gic,0.010736196319
ca/,0.0
was,0.00766871165644
gii,0.0138036809816
bur,0.0
wa”,0.0
hne,0.00153374233129
jle,0.00153374233129
cie,0.199386503067
cis,0.0153374233129
utz,0.00153374233129
żcz,0.0
ący,0.00306748466258
pij,0.00766871165644
dzą,0.00460122699387
int,0.0245398773006
pid,0.0
myw,0.00306748466258
inn,0.058282208589
eom,0.00306748466258
igu,0.00306748466258
naj,0.165644171779
tiv,0.0
ztą,0.0
nap,0.0337423312883
iga,0.00460122699387
yme,0.0
ubr,0.0
kow,0.273006134969
eog,0.0138036809816
aga,0.0122699386503
hny,0.00460122699387
u[e,0.0
osz,0.0429447852761
alk,0.0122699386503
roc,0.0628834355828
ost,0.222392638037
aju,0.0260736196319
aró,0.0
nwa,0.0
osn,0.00306748466258
alw,0.0
mne,0.00920245398773
row,0.222392638037
lko,0.0383435582822
wił,0.010736196319
zma,0.0138036809816
aur,0.0
nkę,0.0
zmu,0.0352760736196
łek,0.0
mpa,0.00460122699387
fas,0.0
dsi,0.00920245398773
erę,0.0
cał,0.010736196319
ępi,0.0
fag,0.00306748466258
die,0.0153374233129
upa,0.0306748466258
wsp,0.0490797546012
włą,0.0
wsz,0.145705521472
tek,0.0598159509202
ąty,0.00153374233129
yjm,0.00153374233129
ne[,0.0168711656442
odc,0.0291411042945
ycz,0.165644171779
sną,0.0
od],0.00766871165644
neg,0.0782208588957
kut,0.00920245398773
ośr,0.0
kuj,0.00920245398773
nes,0.00766871165644
med,0.0153374233129
krw,0.0
ozc,0.00153374233129
kst,0.00460122699387
lei,0.00460122699387
men,0.0490797546012
yda,0.021472392638
les,0.0245398773006
ydw,0.0
mez,0.010736196319
ctw,0.0352760736196
gle,0.0398773006135
akt,0.0475460122699
óra,0.00306748466258
boc,0.00613496932515
rku,0.00460122699387
lke,0.0
zic,0.00920245398773
uze,0.0168711656442
wil,0.0352760736196
rum,0.010736196319
apu,0.00306748466258
brn,0.00153374233129
sję,0.00306748466258
wir,0.0
kaź,0.0
ch[,0.00153374233129
ziw,0.0
che,0.0153374233129
eyh,0.0
twi,0.0322085889571
usj,0.0
cho,0.133435582822
lwo,0.00766871165644
chy,0.00460122699387
lwe,0.00153374233129
ław,0.00306748466258
etę,0.00153374233129
ęty,0.0
ool,0.0
łum,0.0
oła,0.00460122699387
ęto,0.0
kry,0.0199386503067
łac,0.00153374233129
eru,0.0138036809816
czk,0.00306748466258
kli,0.00766871165644
ulu,0.0
caj,0.00306748466258
dek,0.0245398773006
era,0.122699386503
dee,0.00306748466258
erk,0.00153374233129
ny[,0.00920245398773
taw,0.0874233128834
uwz,0.0
glą,0.00613496932515
opó,0.00306748466258
sro,0.0322085889571
spi,0.0122699386503
tac,0.101226993865
cza,0.211656441718
enc,0.058282208589
ryg,0.00153374233129
afa,0.0
dwe,0.0
rys,0.0306748466258
sil,0.0398773006135
map,0.00153374233129
maz,0.00613496932515
sni,0.0322085889571
mad,0.0122699386503
zię,0.0
man,0.0383435582822
zów,0.00153374233129
Żół,0.0
lsk,0.483128834356
own,0.122699386503
zeu,0.00153374233129
eud,0.00460122699387
clc,0.0
fig,0.00306748466258
Świ,0.0
cen,0.0460122699387
ńcy,0.0
oró,0.0
now,0.220858895706
okl,0.0
yno,0.0306748466258
zwa,0.0199386503067
nfl,0.00920245398773
yna,0.0536809815951
nfr,0.00920245398773
ęła,0.0
zwu,0.0
mił,0.0
gol,0.0276073619632
ejo,0.021472392638
gur,0.00306748466258
res,0.133435582822
eja,0.00920245398773
rei,0.00306748466258
ajo,0.0291411042945
reg,0.0475460122699
gor,0.0322085889571
łos,0.00613496932515
ast,0.219325153374
org,0.0536809815951
jwi,0.0322085889571
aty,0.0613496932515
zam,0.0475460122699
zac,0.127300613497
adu,0.010736196319
anó,0.00153374233129
eba,0.00153374233129
koh,0.0
ian,0.0536809815951
xii,0.010736196319
yin,0.0
ukr,0.0138036809816
xis,0.0
jeg,0.0567484662577
iaz,0.0720858895706
ześ,0.0199386503067
ąza,0.00153374233129
za[,0.00306748466258
rmy,0.0245398773006
rsk,0.0506134969325
cyz,0.00460122699387
słe,0.0
nci,0.0122699386503
ogn,0.00613496932515
h[e,0.00153374233129
cyn,0.00153374233129
bem,0.00153374233129
sti,0.0230061349693
rca,0.0168711656442
ybo,0.0429447852761
jem,0.0153374233129
zsi,0.0
rag,0.00920245398773
ana,0.128834355828
udi,0.00306748466258
ram,0.069018404908
ank,0.0168711656442
ras,0.0352760736196
ócz,0.00153374233129
ray,0.0
lie,0.0
mij,0.00153374233129
ypu,0.00153374233129
d[e,0.0
lio,0.0184049079755
eńs,0.00460122699387
efo,0.021472392638
ypi,0.00613496932515
ra[,0.00613496932515
kaj,0.00766871165644
iwl,0.0
whi,0.0
awn,0.0291411042945
kap,0.010736196319
ańc,0.00153374233129
isł,0.00306748466258
awd,0.00920245398773
ura,0.0674846625767
doc,0.010736196319
lpr,0.00460122699387
urk,0.0
szą,0.00613496932515
dow,0.219325153374
tke,0.0
ojg,0.00613496932515
ugr,0.0
ojm,0.0
och,0.0644171779141
iez,0.0613496932515
hrz,0.0184049079755
ymz,0.0
iet,0.0843558282209
ngw,0.0
jak,0.0751533742331
ien,0.159509202454
wzg,0.0276073619632
sur,0.0
yfa,0.0
dyw,0.00460122699387
gen,0.0230061349693
dyc,0.0153374233129
dpr,0.00153374233129
cre,0.0
bam,0.0
zyć,0.00153374233129
set,0.0
aru,0.0168711656442
nuu,0.0
sez,0.00153374233129
ybu,0.0199386503067
ari,0.0475460122699
nua,0.00153374233129
yty,0.010736196319
wot,0.0138036809816
yla,0.0552147239264
yto,0.0337423312883
won,0.00153374233129
yte,0.0245398773006
kef,0.0
omp,0.00460122699387
ozi,0.010736196319
jom,0.00153374233129
ikl,0.0
ilc,0.00613496932515
ety,0.0352760736196
ili,0.0368098159509
tuk,0.0276073619632
uni,0.0720858895706
etm,0.0
żak,0.0
pos,0.115030674847
elg,0.0
tge,0.0
eża,0.0
ień,0.00153374233129
duk,0.0260736196319
pco,0.0
ęcz,0.00153374233129
yzu,0.00153374233129
ala,0.222392638037
nią,0.0
gal,0.010736196319
mcz,0.00460122699387
nió,0.0
gab,0.00460122699387
air,0.00153374233129
gne,0.00153374233129
aid,0.00306748466258
ymp,0.00153374233129
ała,0.0368098159509
edm,0.00153374233129
riu,0.010736196319
jpr,0.0
ria,0.0766871165644
cjo,0.0168711656442
kob,0.0168711656442
cje,0.0889570552147
ężo,0.0
nim,0.0199386503067
syj,0.00766871165644
iot,0.0245398773006
mze,0.0
jko,0.00153374233129
łom,0.0
otó,0.0
jka,0.00153374233129
ofa,0.00613496932515
wyp,0.00920245398773
łąc,0.00920245398773
epu,0.0322085889571
ofo,0.00613496932515
ujs,0.00306748466258
lce,0.00460122699387
kny,0.0
uje,0.102760736196
wyl,0.010736196319
ału,0.00920245398773
yły,0.00153374233129
psc,0.0
iła,0.00920245398773
gda,0.0199386503067
tci,0.0
eli,0.0736196319018
ypc,0.0
wej,0.0751533742331
hae,0.0
cez,0.0138036809816
ada,0.141104294479
tii,0.0122699386503
moz,0.021472392638
rnh,0.0
amn,0.0
big,0.00613496932515
Żer,0.0
psy,0.0
mon,0.0199386503067
opm,0.0
amr,0.0
bis,0.00306748466258
mod,0.00460122699387
eed,0.0
jes,0.157975460123
rka,0.0276073619632
ezy,0.11963190184
olg,0.0
poi,0.0
zci,0.00460122699387
eze,0.0674846625767
fou,0.0
ich,0.164110429448
pew,0.00920245398773
łki,0.0
cny,0.0
tme,0.00153374233129
cno,0.00460122699387
esj,0.0153374233129
pec,0.00613496932515
żeg,0.0
dco,0.00153374233129
pią,0.00306748466258
ufo,0.0
dce,0.0
ząc,0.00306748466258
ylu,0.0
wój,0.0
obc,0.00153374233129
acl,0.00613496932515
oby,0.0506134969325
acz,0.134969325153
fem,0.0
nsi,0.0
sob,0.124233128834
sol,0.00766871165644
loc,0.00766871165644
yro,0.0352760736196
rcu,0.0
óbę,0.0
rco,0.00766871165644
low,0.145705521472
hec,0.00306748466258
xpr,0.00460122699387
war,0.111963190184
fes,0.00460122699387
wna,0.010736196319
bus,0.00460122699387
wno,0.0138036809816
ear,0.0
bug,0.00153374233129
mry,0.0
azi,0.0245398773006
gór,0.0
dmi,0.0184049079755
yłą,0.00306748466258
azw,0.0306748466258
ślu,0.00153374233129
lyw,0.0199386503067
inu,0.00306748466258
pie,0.173312883436
ino,0.0291411042945
sul,0.0
lyc,0.00460122699387
któ,0.0260736196319
ina,0.0414110429448
cję,0.00306748466258
nak,0.0352760736196
yod,0.0
gry,0.00306748466258
t[e,0.00613496932515
jca,0.00460122699387
gro,0.0368098159509
[po,0.0
ube,0.00153374233129
ubo,0.00460122699387
yją,0.0
olą,0.0
eol,0.00153374233129
jmi,0.00613496932515
eoz,0.0
hmi,0.0
roj,0.0383435582822
sci,0.335889570552
rod,0.185582822086
osw,0.0122699386503
edr,0.0276073619632
ził,0.00613496932515
osa,0.00613496932515
alt,0.0245398773006
yzj,0.00306748466258
auk,0.0199386503067
sc[,0.0
faz,0.0
yku,0.0184049079755
fan,0.0122699386503
ępn,0.0122699386503
tną,0.0
wią,0.010736196319
zdy,0.00153374233129
wsi,0.0
zde,0.00766871165644
dir,0.0
tel,0.0966257668712
i[e,0.00766871165644
odp,0.0230061349693
tef,0.00613496932515
scu,0.0
odj,0.0199386503067
tep,0.0567484662577
znę,0.00306748466258
odd,0.00920245398773
hty,0.0
nen,0.00153374233129
ycy,0.010736196319
ółz,0.0
ned,0.0
kus,0.00306748466258
sąg,0.0
zre,0.010736196319
nez,0.00153374233129
ółn,0.0
meg,0.00766871165644
lej,0.058282208589
mei,0.0
yms,0.00460122699387
fla,0.00306748466258
let,0.0184049079755
mes,0.00153374233129
rdw,0.0
eki,0.0260736196319
rdy,0.00460122699387
akk,0.0
boj,0.00920245398773
eku,0.058282208589
bod,0.00460122699387
uzl,0.0
wie,0.615030674847
jar,0.00460122699387
wik,0.00613496932515
aym,0.0
fed,0.0
usc,0.00153374233129
usi,0.0153374233129
dny,0.0184049079755
łat,0.0
upł,0.0
żoł,0.0
nkr,0.0
jmn,0.0138036809816
ygi,0.0
dex,0.00306748466258
erv,0.0
cas,0.0
poł,0.010736196319
der,0.0153374233129
yjn,0.0766871165644
del,0.00920245398773
erb,0.00920245398773
jdu,0.010736196319
def,0.00766871165644
kce,0.00766871165644
tap,0.0138036809816
taz,0.00153374233129
ęśc,0.00306748466258
tal,0.145705521472
uac,0.0122699386503
s[e,0.0
end,0.0168711656442
ryd,0.00153374233129
enn,0.0552147239264
nyn,0.0
sie,0.45245398773
aft,0.0
ryp,0.00460122699387
lal,0.0276073619632
ryn,0.010736196319
mas,0.0306748466258
lot,0.0444785276074
mag,0.0138036809816
lar,0.0705521472393
ega,0.0291411042945
itn,0.00766871165644
zef,0.021472392638
tts,0.0
uvr,0.0
zel,0.0352760736196
jna,0.0230061349693
itz,0.0
w[a,0.0
jno,0.00613496932515
eum,0.00306748466258
ięć,0.00306748466258
uow,0.00306748466258
imo,0.0153374233129
fid,0.0
imy,0.00153374233129
ryz,0.0168711656442
eus,0.0184049079755
ceg,0.00766871165644
cem,0.00153374233129
oke,0.0
dar,0.0521472392638
nop,0.00153374233129
oko,0.0598159509202
nfe,0.0
órz,0.00306748466258
cką,0.00153374233129
ous,0.00153374233129
rez,0.133435582822
rep,0.0490797546012
ższ,0.0
ren,0.0521472392638
smi,0.010736196319
red,0.0429447852761
pul,0.0352760736196
rli,0.0
eco,0.00306748466258
łot,0.0
orn,0.0122699386503
asa,0.0337423312883
wpr,0.0199386503067
nta,0.0628834355828
ord,0.00153374233129
aso,0.0245398773006
ltw,0.00153374233129
zja,0.0291411042945
iso,0.0
atp,0.0
zaj,0.058282208589
łno,0.0
był,0.0567484662577
kok,0.0153374233129
zną,0.00153374233129
zeń,0.0
iac,0.0337423312883
adr,0.00153374233129
lęd,0.00153374233129
jed,0.102760736196
cys,0.00613496932515
gia,0.0122699386503
udz,0.0306748466258
ięk,0.00613496932515
ime,0.00460122699387
pni,0.0398773006135
ncj,0.0506134969325
dją,0.00306748466258
rsp,0.00153374233129
cym,0.0184049079755
rze,0.720858895706
cy[,0.0
ktr,0.0
tol,0.0475460122699
nze,0.0
jub,0.0
rad,0.0812883435583
óci,0.0
raj,0.0858895705521
ant,0.0444785276074
rap,0.0
joz,0.0184049079755
bhu,0.0
lif,0.00766871165644
mim,0.00766871165644
zol,0.0122699386503
mig,0.00920245398773
wce,0.0
tór,0.0230061349693
wco,0.00766871165644
kac,0.0674846625767
iwe,0.0153374233129
tyf,0.00153374233129
iwk,0.0
ówk,0.00153374233129
kaw,0.00613496932515
awc,0.0122699386503
jsz,0.0782208588957
doj,0.00153374233129
urb,0.00306748466258
urt,0.00460122699387
exp,0.00613496932515
ogi,0.0398773006135
dot,0.00613496932515
dbi,0.00613496932515
suk,0.00613496932515
ksy,0.00766871165644
rtu,0.0122699386503
[uk,0.00153374233129
ock,0.00153374233129
zte,0.00920245398773
udn,0.0782208588957
oce,0.00766871165644
iew,0.0705521472393
wzn,0.00766871165644
hro,0.0199386503067
hra,0.0
ikó,0.0
ie”,0.00460122699387
dyp,0.0
ące,0.00460122699387
ssi,0.0
dyj,0.0
emc,0.0199386503067
emu,0.00460122699387
bad,0.010736196319
baj,0.0
bił,0.00306748466258
nur,0.00613496932515
zez,0.147239263804
lno,0.0720858895706
pań,0.0
lna,0.0276073619632
żbi,0.0
ttg,0.0
wow,0.0429447852761
xvi,0.0245398773006
woi,0.00920245398773
omi,0.111963190184
woc,0.00766871165644
wo”,0.0
zba,0.0475460122699
tur,0.124233128834
pły,0.00153374233129
skw,0.0
tul,0.0245398773006
vre,0.0
eln,0.0383435582822
jon,0.0184049079755
wką,0.0
zyż,0.0
com,0.00766871165644
kwe,0.00460122699387
pop,0.0414110429448
rpa,0.00766871165644
ęgi,0.0
kwy,0.0
fre,0.00153374233129
swe,0.00766871165644
fry,0.00766871165644
ęcy,0.00153374233129
otn,0.0490797546012
mcy,0.010736196319
otr,0.0460122699387
a[u,0.0
ysk,0.0414110429448
mld,0.00460122699387
ysa,0.0
rbs,0.0
rbi,0.00306748466258
sld,0.0
ysu,0.0
woś,0.0
von,0.0
sas,0.00306748466258
acę,0.0
dri,0.0
par,0.0812883435583
pry,0.0122699386503
ewa,0.021472392638
arł,0.00306748466258
syc,0.0
tuż,0.0
ios,0.0368098159509
zob,0.0245398773006
śmy,0.0
syw,0.00766871165644
łon,0.00153374233129
niv,0.0
aka,0.0260736196319
kie,0.507668711656
zyf,0.0
zyl,0.0490797546012
epr,0.0598159509202
wye,0.00613496932515
zyr,0.0260736196319
ces,0.021472392638
wyk,0.0168711656442
yem,0.00460122699387
„po,0.0
[uw,0.0
poz,0.0996932515337
wec,0.00306748466258
gmi,0.00766871165644
hal,0.00766871165644
eld,0.00306748466258
yśc,0.0
wew,0.00153374233129
adn,0.00306748466258
bin,0.0
rno,0.0184049079755
opr,0.0306748466258
ama,0.0306748466258
mow,0.0659509202454
rne,0.0306748466258
Ślu,0.0
biz,0.0
mom,0.00153374233129
opn,0.0122699386503
amu,0.00766871165644
pst,0.0
zla,0.010736196319
k[e,0.00153374233129
ywc,0.00153374233129
ywi,0.0245398773006
tyl,0.0168711656442
olr,0.0
yk[,0.0
jli,0.0
ijn,0.0153374233129
yka,0.0460122699387
ico,0.00766871165644
yko,0.0184049079755
ice,0.0337423312883
esc,0.0659509202454
pej,0.0184049079755
esi,0.0536809815951
zzo,0.0
hst,0.0
zur,0.00306748466258
obj,0.00613496932515
ace,0.0598159509202
nde,0.0276073619632
ząt,0.0153374233129
acy,0.170245398773
zul,0.00766871165644
nsj,0.0
owi,0.282208588957
hał,0.00153374233129
owc,0.0199386503067
adł,0.0
owu,0.0
mbr,0.00153374233129
giu,0.0
ehr,0.0
lon,0.0766871165644
mki,0.00306748466258
ixx,0.00153374233129
rch,0.0368098159509
ow[,0.00460122699387
hel,0.00460122699387
buz,0.0
bun,0.00613496932515
bud,0.0552147239264
azj,0.00920245398773
cik,0.0
azd,0.0230061349693
utr,0.010736196319
rri,0.0
pil,0.0230061349693
nni,0.0444785276074
inv,0.00153374233129
myc,0.00306748466258
nab,0.00306748466258
oak,0.0
igo,0.0
pól,0.00153374233129
agi,0.0199386503067
eos,0.0
agu,0.00613496932515
mny,0.00613496932515
jęc,0.0
rok,0.207055214724
sch,0.0291411042945
ali,0.105828220859
eds,0.0276073619632
alu,0.00306748466258
ja[,0.00153374233129
zmi,0.0444785276074
§st,0.0
ede,0.0368098159509
izs,0.0122699386503
aut,0.010736196319
iuj,0.0
ene,0.0168711656442
mpo,0.010736196319
pek,0.00306748466258
łeg,0.00153374233129
eju,0.0
lrz,0.0
yje,0.0138036809816
upi,0.00153374233129
guj,0.00920245398773
eve,0.00153374233129
zdr,0.00613496932515
szy,0.196319018405
dis,0.00153374233129
tem,0.0874233128834
ken,0.0
ham,0.00766871165644
teg,0.0567484662577
odk,0.0230061349693
ąte,0.00306748466258
ode,0.0260736196319
neo,0.00460122699387
edy,0.165644171779
abe,0.00306748466258
suj,0.00306748466258
szw,0.00920245398773
sup,0.00306748466258
aby,0.00460122699387
bkę,0.0
ydi,0.0
lek,0.0337423312883
ozw,0.0552147239264
leu,0.0
mer,0.0184049079755
ydu,0.0
bok,0.00766871165644
óle,0.0
ekt,0.0628834355828
zęś,0.00460122699387
vic,0.0
wid,0.0276073619632
vii,0.0153374233129
wij,0.0168711656442
uzy,0.0352760736196
łpr,0.00153374233129
apa,0.00153374233129
jrz,0.00460122699387
uzs,0.00460122699387
twa,0.127300613497
msz,0.0
ułe,0.00153374233129
fek,0.00460122699387
ecz,0.161042944785
zia,0.118098159509
osł,0.00613496932515
nki,0.0720858895706
ruc,0.0291411042945
jmo,0.0138036809816
ołu,0.0
erw,0.110429447853
kla,0.0843558282209
car,0.010736196319
ecn,0.0168711656442
des,0.00613496932515
ery,0.0444785276074
yjo,0.0
ulk,0.00460122699387
dem,0.0705521472393
erc,0.0260736196319
ula,0.0506134969325
mną,0.0
deg,0.00306748466258
uży,0.0
ąpi,0.00153374233129
tam,0.0322085889571
oba,0.0276073619632
spe,0.0138036809816
afi,0.0383435582822
leć,0.0
eno,0.0168711656442
chó,0.0
eny,0.010736196319
lam,0.0383435582822
mar,0.0843558282209
sna,0.00613496932515
aon,0.0
bko,0.00306748466258
obw,0.00306748466258
hoc,0.00306748466258
pag,0.0
ażu,0.0
ghm,0.0
eho,0.0
aża,0.00306748466258
ito,0.021472392638
zeg,0.0874233128834
ite,0.138036809816
zem,0.0598159509202
wud,0.00460122699387
iąd,0.0
imd,0.0
wra,0.0184049079755
łów,0.00460122699387
imn,0.00153374233129
fie,0.00613496932515
gel,0.00766871165644
eur,0.058282208589
rwi,0.00153374233129
cel,0.0199386503067
rws,0.0766871165644
cer,0.00153374233129
das,0.0138036809816
zwi,0.0889570552147
yni,0.0720858895706
ife,0.00153374233129
ynu,0.00920245398773
óży,0.00153374233129
oun,0.00153374233129
our,0.0
liś,0.00153374233129
gon,0.0
męż,0.0
izi,0.00920245398773
ajw,0.0613496932515
wsr,0.00766871165644
reo,0.0
aja,0.165644171779
ree,0.00153374233129
lmy,0.00153374233129
ory,0.115030674847
asz,0.0398773006135
dgo,0.00613496932515
oro,0.0659509202454
ect,0.00613496932515
bwe,0.0
ore,0.079754601227
asn,0.021472392638
bwo,0.0
isz,0.0168711656442
ate,0.0966257668712
atk,0.0460122699387
wlo,0.010736196319
kin,0.010736196319
zak,0.0414110429448
onc,0.010736196319
zaa,0.00920245398773
ony,0.0843558282209
zaw,0.0858895705521
onw,0.0
koj,0.00613496932515
ebc,0.0
tow,0.19018404908
tom,0.0306748466258
iat,0.0644171779141
las,0.105828220859
rci,0.0276073619632
hug,0.00153374233129
ękn,0.0
uda,0.00153374233129
cyf,0.0153374233129
hus,0.0
być,0.0
nce,0.0138036809816
cyl,0.0
sta,0.581288343558
ara,0.0444785276074
bec,0.021472392638
stk,0.0398773006135
aat,0.00306748466258
zsa,0.0
kte,0.0138036809816
san,0.0414110429448
anc,0.0291411042945
prl,0.00153374233129
rak,0.0720858895706
sad,0.0322085889571
anu,0.010736196319
kół,0.00153374233129
sar,0.0276073619632
yhe,0.0
lbl,0.00153374233129
lig,0.0168711656442
mil,0.021472392638
wcz,0.0291411042945
lii,0.00306748466258
ypa,0.0122699386503
zow,0.0567484662577
efa,0.0153374233129
ypo,0.0414110429448
pus,0.010736196319
yly,0.0245398773006
tym,0.0782208588957
zko,0.0414110429448
yob,0.0
tyg,0.00460122699387
sfo,0.00153374233129
awl,0.00153374233129
tys,0.0444785276074
koł,0.00306748466258
dok,0.00766871165644
exe,0.0
uru,0.00766871165644
nck,0.00613496932515
puś,0.0
pkw,0.00153374233129
toś,0.0
szc,0.116564417178
kur,0.00766871165644
oje,0.0889570552147
śni,0.0153374233129
abo,0.0184049079755
ojk,0.0
lsc,0.145705521472
nge,0.0122699386503
ocj,0.00306748466258
wzy,0.0
ngo,0.00153374233129
jas,0.010736196319
udo,0.0659509202454
wzo,0.00153374233129
ger,0.0
his,0.0567484662577
dyk,0.00613496932515
kty,0.0276073619632
mło,0.00306748466258
oxy,0.0
bak,0.0
ser,0.0184049079755
arw,0.00153374233129
nus,0.00306748466258
ebu,0.00153374233129
rme,0.00153374233129
sen,0.0291411042945
ark,0.0521472392638
lus,0.00306748466258
ytw,0.00306748466258
oza,0.0245398773006
zka,0.0444785276074
muz,0.0122699386503
[do,0.0
lug,0.0613496932515
mul,0.00306748466258
ire,0.0
wob,0.00920245398773
omb,0.0
tus,0.0153374233129
ejc,0.0
tum,0.00920245398773
uuj,0.0
zyś,0.0
tug,0.0
ila,0.0260736196319
una,0.0138036809816
ete,0.0168711656442
unk,0.090490797546
col,0.0
joe,0.0
kwn,0.00153374233129
lis,0.0521472392638
pog,0.00306748466258
ady,0.0736196319018
dum,0.0
tki,0.0567484662577
oto,0.0230061349693
gat,0.0536809815951
ręc,0.0
oty,0.0429447852761
gaj,0.00460122699387
ado,0.0567484662577
sly,0.00306748466258
mle,0.0
ail,0.0
sle,0.00460122699387
ędu,0.0
yst,0.177914110429
ive,0.0
ris,0.00306748466258
ałc,0.0
rii,0.0138036809816
hag,0.0
pas,0.0812883435583
ńca,0.0
yżs,0.0
zgo,0.00766871165644
oin,0.0
dga,0.0
nic,0.225460122699
kip,0.00306748466258
ior,0.0414110429448
jki,0.00306748466258
niw,0.010736196319
zyg,0.021472392638
kod,0.00920245398773
zym,0.0920245398773
eps,0.00306748466258
kna,0.0
ni[,0.0
wyd,0.0291411042945
zys,0.122699386503
epi,0.00460122699387
dki,0.00460122699387
wyj,0.010736196319
yel,0.0
ipc,0.00766871165644
gdy,0.0276073619632
zom,0.0
yło,0.00920245398773
elo,0.0414110429448
ele,0.136503067485
els,0.021472392638
rgo,0.0
bio,0.0230061349693
ipi,0.0
bie,0.0720858895706
ope,0.0291411042945
mol,0.00460122699387
opo,0.0613496932515
amt,0.00153374233129
lci,0.00613496932515
oża,0.0
eef,0.0
two,0.174846625767
oli,0.200920245399
ezm,0.0
ols,0.628834355828
fow,0.00460122699387
sud,0.00613496932515
ykt,0.00153374233129
oez,0.00153374233129
nać,0.0
ufa,0.00306748466258
dcy,0.00153374233129
pll,0.00153374233129
ufu,0.0
zus,0.0
obk,0.00153374233129
idy,0.0
kru,0.00153374233129
ido,0.00306748466258
ylo,0.0337423312883
ide,0.0199386503067
zum,0.00766871165644
nse,0.00306748466258
son,0.00613496932515
mby,0.0
wan,0.286809815951
yra,0.00613496932515
wad,0.0659509202454
waz,0.0368098159509
hem,0.00613496932515
yru,0.0
moż,0.00153374233129
eat,0.00766871165644
dma,0.0
azk,0.0199386503067
ute,0.0199386503067
cij,0.010736196319
kła,0.00153374233129
aze,0.0506134969325
tvn,0.079754601227
dmu,0.0
uty,0.00460122699387
inw,0.00920245398773
ini,0.102760736196
lym,0.00153374233129
uiz,0.0
inc,0.0
nac,0.0828220858896
igr,0.0122699386503
yzw,0.00306748466258
jcy,0.0
naw,0.0322085889571
oap,0.0
ign,0.010736196319
lga,0.0
ubi,0.00766871165644
łka,0.0
ezę,0.00153374233129
eod,0.00153374233129
bce,0.0
yza,0.00153374233129
eor,0.00306748466258
żka,0.0
sał,0.021472392638
