pto,0.00694492673102
rol,0.00809083964164
alf,0.000486144871172
pte,0.000173623168276
mnt,0.00125008681158
rof,0.0212862004306
osi,0.00816028890895
llo,0.111778595736
mnn,0.000659768039447
rop,0.0205569831238
osc,0.0150357663727
alr,0.00406278213765
lle,0.10573650948
vev,0.00975762205709
auc,0.000104173900965
aum,0.00250017362317
edj,0.0
xte,0.00659768039447
veh,6.94492673102e-05
ium,0.000902840475033
lri,0.0
mpl,0.015001041739
fav,0.00177095631641
gse,0.000902840475033
iug,0.00104173900965
fol,0.00253489825682
lrs,0.0
mpr,0.0225362872422
fal,0.00979234669074
ajb,3.47246336551e-05
cmo,0.00864643378012
din,0.0149663171054
evl,0.000833391207723
gnt,0.000104173900965
tro,0.217410931315
jor,0.00920202791861
gui,0.0156608097785
diz,0.00190985485103
trs,0.00260434752413
upr,0.00013889853462
hte,0.0
ten,0.110806305993
uee,0.000104173900965
odr,0.00524341968192
tex,0.000104173900965
odl,0.0
ter,0.0751441072297
ueq,0.0
tne,3.47246336551e-05
nel,0.031009097854
suc,0.00878533231474
kem,0.0
neb,0.000937565108688
hde,3.47246336551e-05
sui,0.00288214459337
zri,3.47246336551e-05
leb,0.00250017362317
mea,0.00114591291062
xfo,0.0
ozn,3.47246336551e-05
lel,0.000173623168276
lev,0.0519480519481
jaz,0.00013889853462
ozz,0.00229182582124
vba,3.47246336551e-05
gln,0.000243072435586
hbe,0.0
aia,0.00184040558372
bor,0.0140634766303
vbo,3.47246336551e-05
fmf,0.0
bol,0.00763941940413
rdm,0.00013889853462
asg,0.00111118827696
ctn,3.47246336551e-05
dre,0.037155358011
bof,3.47246336551e-05
jrg,3.47246336551e-05
wic,6.94492673102e-05
lmn,0.000104173900965
apr,0.0111466074033
bru,0.00204875338565
vin,0.0462879366623
qui,0.0935481630669
aph,0.00385443433572
ipt,0.00576428918675
bra,0.104104451698
dne,0.00013889853462
ayo,0.00513924578096
feb,0.000798666574068
usa,0.0292728661713
orb,0.00121536217793
dno,0.000486144871172
aya,0.0122230710466
mso,0.0
chr,0.00243072435586
zin,0.00135426071255
mse,0.000555594138482
oos,0.00187513021738
dez,0.00364608653379
erp,0.00975762205709
det,0.0124314188485
erz,0.00381970970206
fli,0.00500034724634
ibz,0.0
cao,0.000416695603861
den,0.0383012709216
erl,0.00934092645323
cae,0.00659768039447
ivr,3.47246336551e-05
tar,0.113653725953
uaq,0.0
spr,0.0211820265296
xcl,0.000243072435586
tad,0.0584415584416
spl,0.00305576776165
tan,0.0734773248142
gce,0.000208347801931
enf,0.00402805750399
idl,0.000381970970206
hov,0.126328217237
enz,0.0290297937357
lan,0.0908396416418
mau,0.0
vut,0.00375026043475
aom,3.47246336551e-05
snt,0.0
aos,0.0177095631641
laz,0.00562539065213
mai,0.00965344815612
uzz,0.00163205778179
lha,0.00121536217793
egs,0.000625043405792
egi,0.0130217376207
egg,0.00986179595805
itl,0.000243072435586
ffu,0.00152788388083
itb,0.0
zer,0.00267379679144
tto,0.0515313563442
tte,0.034932981457
euo,0.0
jib,6.94492673102e-05
img,0.000694492673102
gth,3.47246336551e-05
hzo,0.00312521702896
uoc,0.00225710118758
dje,6.94492673102e-05
fij,0.000381970970206
uoi,0.0112160566706
djo,0.00458365164248
nol,0.000972289742343
oks,0.0
nof,0.0
uhr,0.0
lze,0.000173623168276
nor,0.0179873602333
nfi,0.0135773317591
iff,0.00607681088965
ifh,0.0
cme,0.000312521702896
lfo,0.000243072435586
hli,3.47246336551e-05
goi,6.94492673102e-05
blu,0.000208347801931
rev,0.0108688103341
goc,0.00423640530592
blo,0.0462879366623
vct,0.000729217306757
rel,0.00628515869158
hch,0.00013889853462
bla,0.034134314883
ass,0.0297937356761
pun,0.00725744843392
orv,0.00128481144524
nti,0.0698659629141
orl,0.000277797069241
ecs,0.000659768039447
ioq,6.94492673102e-05
puz,0.000381970970206
mme,0.00649350649351
sbn,0.000486144871172
asm,0.00156260851448
atb,0.0
ltu,0.00326411556358
ath,0.00871588304743
ism,0.0312521702896
lti,0.018126258768
onj,0.00163205778179
zah,3.47246336551e-05
xil,0.000104173900965
zat,0.00444475310785
ont,0.136259462463
equ,0.00517397041461
tot,0.000729217306757
tob,0.00114591291062
udr,0.000763941940413
gye,0.0
tfe,6.94492673102e-05
ncr,0.00250017362317
huj,0.0
gio,0.0298284603097
ncl,0.00520869504827
pne,6.94492673102e-05
udl,0.000243072435586
bej,0.0
rzc,3.47246336551e-05
stb,0.000451420237516
aam,0.00156260851448
rzi,0.000972289742343
stt,0.000416695603861
bet,0.00135426071255
pre,0.100145843461
rsl,3.47246336551e-05
rab,0.0162511285506
sam,0.0125703173832
anl,0.000729217306757
pro,0.0729564553094
rah,0.00500034724634
anv,0.000868115841378
lbe,0.00149315924717
saq,0.00236127508855
lbo,0.00121536217793
ofr,0.019029099243
zod,0.0
mio,0.0088200569484
rrs,0.000104173900965
zon,0.00263907215779
cci,0.0267379679144
mis,0.0809778456837
kaa,3.47246336551e-05
vnc,6.94492673102e-05
pyt,0.00013889853462
kau,3.47246336551e-05
cke,0.000972289742343
url,0.00274324605875
exh,0.000972289742343
lpo,0.00180568095007
urv,0.000381970970206
lpe,0.000763941940413
dli,3.47246336551e-05
jut,0.000243072435586
rtm,0.00013889853462
ocm,3.47246336551e-05
ngh,0.00232655045489
jap,3.47246336551e-05
iei,0.00197930411834
hri,0.000451420237516
ngr,0.0187860268074
iec,0.00361136190013
hrc,0.0
hit,0.00111118827696
gee,0.000104173900965
bav,0.000208347801931
crt,0.000451420237516
emm,0.0057990138204
crb,0.000208347801931
aec,0.000902840475033
bab,0.00486144871172
oxf,0.0
btu,0.0
nuz,0.000520869504827
seq,0.000729217306757
ebl,0.0415653864852
oma,0.0440308354747
seg,0.0360788943677
arb,0.00329884019724
lni,0.000277797069241
nuf,0.0
sem,0.0244808667269
arl,0.0261129245086
lut,0.0115633030072
mus,0.0013889853462
irr,0.00354191263282
mue,0.019931939718
irl,0.00343773873186
ffa,0.00413223140496
luh,3.47246336551e-05
muo,0.00177095631641
tuz,0.000173623168276
omo,0.130425724009
tut,0.0343773873186
omu,0.00531286894923
gmo,0.000208347801931
etv,3.47246336551e-05
ell,0.218556844225
vun,0.000347246336551
unb,0.0
pde,0.0
ilz,0.000277797069241
coo,3.47246336551e-05
tun,0.00204875338565
pon,0.0539968053337
uce,0.00670185429544
gme,0.000208347801931
pod,0.0143412736996
hax,0.000104173900965
dun,0.00218765192027
yas,0.00232655045489
dur,0.0173970414612
gas,0.0107299117994
otz,0.00111118827696
gai,0.000763941940413
ott,0.0236474755191
adl,0.00277797069241
ysi,0.0
ctr,0.00104173900965
slz,6.94492673102e-05
aiu,0.00125008681158
iln,0.000625043405792
eic,6.94492673102e-05
eim,0.000104173900965
riz,0.00385443433572
rip,0.00493089797903
avn,0.000104173900965
tze,0.00121536217793
vor,0.00986179595805
rif,0.0182651573026
ewi,0.000208347801931
pat,0.00746579623585
dhe,0.00013889853462
ilt,0.000937565108688
fkp,0.0
nij,6.94492673102e-05
oim,6.94492673102e-05
lcz,3.47246336551e-05
oic,0.00131953607889
dgl,6.94492673102e-05
phy,0.0
iog,0.000937565108688
tli,0.0
nit,0.0122925203139
thy,0.00250017362317
ujt,0.0
epp,0.00111118827696
tho,0.00291686922703
ujn,0.0
wyc,0.0
the,0.0023959997222
ldc,6.94492673102e-05
ldi,0.00545176748385
aio,0.00458365164248
lij,3.47246336551e-05
yes,0.0118063754427
cus,0.00302104312799
han,0.0392735606639
cuy,0.0068060281964
elz,0.000104173900965
bni,0.000173623168276
cuo,0.00461837627613
har,0.0508715883047
ami,0.0529203416904
bil,0.0163205778179
rnm,0.00013889853462
bib,0.00104173900965
moc,0.000798666574068
oph,0.00142370997986
eeu,0.0
mhr,0.0
ijr,0.000694492673102
vit,0.015001041739
ezn,0.000173623168276
olt,0.0338217931801
mrt,0.0
esu,0.00805611500799
icm,3.47246336551e-05
per,0.174873255087
ume,0.00947982498785
cnd,0.0013889853462
ddo,0.00197930411834
esa,0.0294812139732
ped,0.0088200569484
umo,0.0040975067713
dde,0.000590318772137
ruj,0.000451420237516
cge,6.94492673102e-05
ple,0.00430585457323
oem,0.000486144871172
rut,0.00899368011667
zup,0.000104173900965
ndm,0.0
ack,0.0
ndg,6.94492673102e-05
acq,0.00166678241545
obt,0.000243072435586
nsl,0.000104173900965
fcf,0.0
sog,0.00559066601847
ppi,0.00260434752413
nsf,0.000451420237516
nsp,0.00104173900965
vaj,0.000312521702896
gis,0.00878533231474
her,0.0435446906035
jzg,3.47246336551e-05
hed,0.000937565108688
hni,0.00013889853462
loz,0.00013889853462
hen,0.00503507187999
vat,0.00704910063199
aqu,0.0884783665532
eac,6.94492673102e-05
jun,0.0255226057365
bul,0.00246544898951
cic,0.00125008681158
azl,0.000625043405792
lvs,0.0
cii,0.000486144871172
lve,0.0131259115216
dve,0.001007014376
jla,0.000173623168276
lvo,0.00416695603861
pin,0.00614626015696
uii,3.47246336551e-05
lyd,3.47246336551e-05
uis,0.0133689839572
inj,0.000902840475033
pir,0.00892423084936
ohr,0.0
oac,0.00173623168276
nan,0.019029099243
tir,0.0174664907285
igg,0.000590318772137
hpo,0.0
nat,0.019029099243
tid,0.0143065490659
igm,0.000208347801931
agg,0.0169803458574
ags,6.94492673102e-05
rom,0.0132300854226
scj,0.0
alg,0.0258351274394
rog,0.00461837627613
lln,0.000868115841378
mno,6.94492673102e-05
osb,0.0
als,0.0040975067713
zmo,0.001007014376
aul,0.00104173900965
zme,0.00107646364331
vec,0.0132995346899
rtl,0.000451420237516
vei,0.0108688103341
iul,0.000451420237516
iuf,6.94492673102e-05
mps,0.0
fam,0.0134384332245
gub,0.000104173900965
dio,0.115702479339
evm,0.000555594138482
trn,0.000729217306757
pee,6.94492673102e-05
dia,0.0219112438364
uls,0.000486144871172
trr,0.000416695603861
cmp,0.000208347801931
teo,0.00631988332523
nbr,0.000763941940413
sre,3.47246336551e-05
pme,0.0
tes,0.0922633516216
rrr,0.000104173900965
nem,0.0126744912841
sub,0.022952982846
nec,0.011077158136
suh,0.0
uli,0.00180568095007
lec,0.00888950621571
hao,3.47246336551e-05
lem,0.0129175637197
mej,0.01007014376
glo,0.0165983748871
drp,3.47246336551e-05
bos,0.00739634696854
ibu,0.016008056115
cte,0.000243072435586
sba,0.00399333287034
bom,0.00479199944441
rdl,6.94492673102e-05
sja,6.94492673102e-05
asf,0.00305576776165
ipa,0.00756997013682
aps,0.00145843461351
brt,0.0
vio,0.00388915896937
sgh,0.000416695603861
api,0.0173970414612
ipu,0.000104173900965
dnd,0.00715327453295
ayn,0.000173623168276
fec,0.0057990138204
chi,0.076116396972
eyl,0.0
orc,0.0068060281964
msn,0.000729217306757
chs,0.00194457948469
zio,0.0244114174595
msd,6.94492673102e-05
voi,0.00309049239531
oor,0.000347246336551
caz,0.00402805750399
erq,0.00013889853462
iba,0.0133342593236
cap,0.0244114174595
deu,0.000277797069241
tnd,0.00368081116744
avo,0.012084172512
can,0.047225501771
deo,0.0013889853462
erm,0.0412528647823
ulg,0.00204875338565
cad,0.0596569206195
gzo,0.0
oah,0.000208347801931
tas,0.0572261962636
sps,6.94492673102e-05
tae,0.000416695603861
uaj,6.94492673102e-05
tao,0.00145843461351
uad,0.00434057920689
zis,0.000173623168276
pua,0.000347246336551
siv,0.0013889853462
eng,0.0405930967428
enq,3.47246336551e-05
idm,0.000277797069241
cst,0.000486144871172
dwi,0.000208347801931
lao,0.000347246336551
mat,0.0211125772623
kni,0.002014028752
sno,0.00149315924717
isl,0.00152788388083
laa,0.00250017362317
snu,0.0027085214251
aor,0.000104173900965
mah,0.000520869504827
ovo,0.00892423084936
obu,0.000277797069241
znd,0.000312521702896
egr,0.0119105493437
ghe,0.00319466629627
egh,0.00111118827696
gho,0.0
itm,0.00013889853462
lsa,0.00118063754427
uvo,0.00930620181957
eun,0.00343773873186
uot,0.00288214459337
cle,0.00114591291062
hzn,0.0
imp,0.0287172720328
euz,3.47246336551e-05
imz,0.0
nom,0.028995069102
ced,0.014896867838
daa,0.000451420237516
nog,0.0
cej,0.0
sij,0.000520869504827
lzd,0.0
nos,0.123897492881
gba,3.47246336551e-05
kpa,0.0
gls,0.0
ifi,0.0414612125842
mdi,0.00013889853462
hlh,0.000729217306757
iza,0.00618098479061
rey,0.0762900201403
sha,0.000625043405792
gob,0.0034030140982
aji,0.000277797069241
bln,0.00013889853462
rem,0.0288561705674
got,0.00503507187999
dse,0.00107646364331
asr,0.000173623168276
puo,0.00152788388083
qut,0.000173623168276
ecl,0.0057990138204
lmu,0.000104173900965
syn,0.0
nth,3.47246336551e-05
orm,0.034134314883
ecr,0.00281269532606
lmo,0.0017015070491
ntb,0.000277797069241
sbo,0.000277797069241
gir,0.00767414403778
isv,6.94492673102e-05
ati,0.0322939092993
ova,0.0149315924717
yun,0.00215292728662
lth,0.000312521702896
pga,3.47246336551e-05
ona,0.0286825473991
aol,0.000763941940413
onu,0.0013889853462
iaj,0.000277797069241
xim,0.0
tou,3.47246336551e-05
ofs,0.0
ued,0.0234044030835
toc,0.00819501354261
iav,0.00302104312799
uds,0.0
hua,0.000277797069241
ncs,0.000104173900965
fei,0.000868115841378
udg,3.47246336551e-05
pnd,6.94492673102e-05
udm,0.0
stc,3.47246336551e-05
aal,0.00135426071255
bea,0.000937565108688
stu,0.0133689839572
arc,0.0244114174595
zsc,0.0
prd,0.000104173900965
rac,0.0349677060907
sal,0.0889297867907
anm,0.000416695603861
prn,0.0168067226891
rai,0.0113549552052
saz,0.00131953607889
jua,0.00291686922703
prp,0.000590318772137
sap,0.0107993610667
prz,0.0
lia,0.0292381415376
min,0.0600388915897
hgo,0.0
vya,6.94492673102e-05
mir,0.0198624904507
asl,0.000520869504827
rsg,3.47246336551e-05
bsq,0.0
ipo,0.00336828946455
kat,0.000312521702896
doi,0.000347246336551
exc,0.00194457948469
urm,0.00423640530592
dog,0.000694492673102
exi,0.000243072435586
mro,0.000416695603861
mra,0.000243072435586
cde,0.0
ugb,0.0
oji,0.000243072435586
ocl,0.000486144871172
zee,3.47246336551e-05
ngi,0.00888950621571
ocp,3.47246336551e-05
ieb,0.00253489825682
hrb,0.0
hiu,0.00312521702896
ged,0.00236127508855
cru,0.00319466629627
eml,0.000277797069241
crc,0.00107646364331
bac,0.00295159386068
cri,0.0495867768595
ael,0.0351760538926
bai,0.00142370997986
sep,0.00996596985902
ity,3.47246336551e-05
sef,0.000590318772137
kel,0.000902840475033
nug,3.47246336551e-05
sel,0.00555594138482
arm,0.0137162302938
zga,0.00524341968192
tce,0.0
mur,0.0131259115216
irs,0.0110424335023
mud,0.00256962289048
irm,0.00770886867144
ozo,0.00593791235502
lui,0.00631988332523
mun,0.0126050420168
irg,0.00118063754427
jos,0.119556913675
omn,0.00892423084936
omt,0.000520869504827
cop,0.00777831793875
vuo,0.00416695603861
coz,0.0
unc,0.0198277658171
cod,0.00809083964164
dka,0.0
con,0.486353218974
poy,0.000486144871172
tuo,0.00583373845406
poe,0.000347246336551
rpl,3.47246336551e-05
duo,0.000833391207723
yar,0.000451420237516
yad,0.000520869504827
dus,0.00013889853462
bbr,0.00288214459337
lgi,0.000173623168276
ota,0.00531286894923
fqu,0.000104173900965
gar,0.0509757622057
psi,0.000694492673102
hme,0.0
otu,0.002014028752
adm,0.00218765192027
gnu,0.000798666574068
ait,0.000173623168276
gnc,0.000173623168276
ain,0.000868115841378
ilo,0.0105215639975
gni,0.0168067226891
eil,0.000208347801931
fui,0.00312521702896
vog,0.00451420237516
adq,0.000763941940413
rwa,0.000243072435586
avu,0.0013889853462
ivi,0.0155913605111
riq,0.00250017362317
bim,0.00211820265296
vos,0.05719147163
rig,0.00722272380026
ava,0.0304882283492
pau,0.00152788388083
ilu,0.00128481144524
pai,0.00135426071255
ioz,0.0
nia,0.00864643378012
oib,6.94492673102e-05
iop,0.000659768039447
mot,0.00406278213765
cto,0.0128133898187
ofe,0.0163553024516
thn,0.00444475310785
ujo,0.000902840475033
cch,0.0247586637961
bog,0.00013889853462
uja,0.000555594138482
yen,0.00739634696854
cep,0.00284741995972
mfm,0.0
via,0.026078199875
yer,0.0123272449476
gdo,0.000104173900965
cur,0.015903882214
elm,0.00104173900965
tgu,0.0
hay,0.0277797069241
cun,0.0184040558372
has,0.0903534967706
lcu,0.00802139037433
rnl,0.000659768039447
amb,0.0653517605389
bic,0.000937565108688
uza,0.000798666574068
lca,0.0054170428502
mob,0.000416695603861
opi,0.00531286894923
efi,0.00534759358289
een,0.000937565108688
ola,0.0347246336551
ijs,0.000104173900965
ezu,0.000208347801931
viu,0.00145843461351
ezo,0.000902840475033
olu,0.0104868393638
eza,0.0230224321133
est,0.499791652198
icl,0.00326411556358
pes,0.0237516494201
cne,3.47246336551e-05
fom,0.00013889853462
umn,0.00291686922703
ufi,0.000277797069241
rua,0.000173623168276
oel,0.000243072435586
nmi,0.00378498506841
ndl,0.000312521702896
obi,0.00333356483089
acp,3.47246336551e-05
zue,0.000277797069241
kra,0.0
mbo,0.00444475310785
nsm,0.000451420237516
sof,0.00145843461351
icp,0.0
mba,0.00649350649351
nsg,0.00013889853462
sop,0.0061115355233
soz,0.0
wal,0.00111118827696
log,0.00305576776165
hes,0.00184040558372
lom,0.0117369261754
rck,6.94492673102e-05
gin,0.00697965136468
heo,0.00118063754427
eah,0.000208347801931
buy,0.000104173900965
eab,0.00222237655393
sdi,0.0
eav,3.47246336551e-05
cib,0.0132648100563
azm,0.00104173900965
lvr,0.0
cpo,3.47246336551e-05
azg,0.0
lvd,6.94492673102e-05
mti,0.000555594138482
civ,0.00208347801931
pio,0.00885478158205
inq,0.00427112993958
uir,0.0121188971456
gti,0.0
pis,0.00635460795889
naa,0.00173623168276
oab,0.00506979651365
nao,0.00013889853462
tis,0.0134384332245
gre,0.0223279394402
nau,0.000486144871172
tie,0.112056392805
igl,0.0157649836794
ubu,0.0
vca,0.0
uba,0.00288214459337
fsa,0.0
svi,0.000798666574068
eop,3.47246336551e-05
svu,0.000104173900965
agr,0.00819501354261
aln,0.000520869504827
ron,0.23057156747
sce,0.0281269532606
ald,0.0204875338565
lgr,0.00128481144524
alz,0.0152441141746
llm,0.000104173900965
ror,0.00586846308771
ose,0.0292381415376
alp,0.00107646364331
pel,0.0113202305716
vet,0.00548649211751
aue,0.00013889853462
vez,0.00586846308771
osq,0.00131953607889
rto,0.0384401694562
xti,0.00156260851448
jeb,0.000347246336551
lra,0.000381970970206
ibh,3.47246336551e-05
iuo,6.94492673102e-05
fat,0.0131606361553
fab,0.000972289742343
ius,0.00809083964164
pef,0.0
gua,0.0572261962636
evn,0.00142370997986
tra,0.24529481214
guo,0.00125008681158
dib,0.000729217306757
zdo,0.0
blc,0.0
dit,0.0125008681158
evr,0.000729217306757
tru,0.0156608097785
ibb,0.00152788388083
upp,0.00142370997986
uem,0.00691020209737
odz,0.0
bve,3.47246336551e-05
ueg,0.0295853878742
asq,0.000590318772137
hti,0.000243072435586
tez,0.00375026043475
uey,0.00284741995972
odn,0.0
tet,0.00350718799917
nbe,0.000798666574068
bde,0.0
nej,0.000104173900965
sua,0.0133342593236
abr,0.0654559344399
nlo,0.00625043405792
zra,0.0
nev,0.00211820265296
led,0.002014028752
mec,0.00166678241545
ydd,3.47246336551e-05
len,0.0267726925481
meu,3.47246336551e-05
lex,0.0
boz,0.000277797069241
rds,0.000277797069241
tni,0.000729217306757
eke,0.00145843461351
bot,0.00291686922703
rde,0.0231960552816
ctf,6.94492673102e-05
drm,0.0
aic,0.000451420237516
bon,0.00152788388083
rdo,0.0370859087437
drg,0.000173623168276
jre,0.00013889853462
vif,0.000451420237516
app,0.0177790124314
brs,0.00111118827696
vil,0.00906312938398
bri,0.021043127995
uzt,0.0
ayi,0.000694492673102
zip,6.94492673102e-05
uso,0.012084172512
eyo,0.0
usu,0.000486144871172
cht,0.000902840475033
zza,0.018022084867
dns,6.94492673102e-05
ayu,0.00402805750399
zil,0.000381970970206
msc,3.47246336551e-05
pfa,0.0
dza,0.0
iis,0.000763941940413
ulz,0.00013889853462
cay,0.00600736162233
err,0.104764219737
ulp,0.0013889853462
dev,0.0150357663727
erd,0.0427807486631
tng,0.000104173900965
uln,0.000555594138482
jve,0.000243072435586
cam,0.0413223140496
ern,0.0581637613723
fle,0.00121536217793
aci,0.0796235849712
uld,0.000104173900965
uas,0.014896867838
spt,0.00315994166262
taf,3.47246336551e-05
uam,0.00131953607889
spn,0.00013889853462
uag,0.000312521702896
vlo,0.000937565108688
siu,6.94492673102e-05
enh,0.000555594138482
oyo,0.00298631849434
hot,0.00013889853462
sii,0.0
hoz,0.000312521702896
ovr,0.00427112993958
lah,6.94492673102e-05
lab,0.0513230085423
maa,0.00684075283006
lat,0.0153482880756
mak,0.000416695603861
hon,0.00545176748385
ego,0.0365997638725
ege,0.000625043405792
bje,3.47246336551e-05
zep,0.0
ffi,0.00909785401764
uwa,0.0
sic,0.00895895548302
fit,0.00211820265296
imi,0.0366344885061
hzi,0.0
enr,0.00118063754427
fib,0.0
ims,0.000208347801931
tst,0.000277797069241
clr,0.000381970970206
non,0.0919508299187
cec,0.000729217306757
dab,0.00708382526564
lzs,0.0
cei,0.00395860823668
dat,0.0135773317591
lzm,0.0
noz,0.00260434752413
oye,0.0108688103341
nfa,0.00312521702896
ynd,0.00152788388083
lfg,6.94492673102e-05
lfi,0.000486144871172
ret,0.0200013889853
smo,0.0248975623307
bli,0.00430585457323
reb,0.0251059101326
sme,0.002014028752
dsb,0.0
fto,3.47246336551e-05
sbr,0.000590318772137
ece,0.0448642266824
rle,0.0091325786513
ort,0.0487881102854
eck,0.00326411556358
pub,0.00243072435586
qua,0.045003125217
orj,0.000104173900965
ase,0.0273282866866
put,0.00503507187999
nte,0.273109243697
sbl,0.0
pbi,6.94492673102e-05
isu,0.00190985485103
lta,0.0372248072783
isc,0.024967011598
lto,0.0199666643517
nhe,0.00013889853462
rro,0.0262865476769
zaf,6.94492673102e-05
onf,0.038058198486
zar,0.0212514757969
ioe,3.47246336551e-05
gig,0.001007014376
jet,0.00232655045489
iae,3.47246336551e-05
toj,0.000104173900965
jeh,0.128376970623
rre,0.0303840544482
rsn,0.000312521702896
hub,0.0218417945691
hut,0.000659768039447
udd,0.000208347801931
oge,0.0037155358011
lox,0.0
png,0.00013889853462
rza,0.00725744843392
stl,0.00013889853462
stv,0.00013889853462
nzi,0.00621570942427
and,0.211056323356
sac,0.0483714146816
ann,0.0446558788805
pri,0.0707688033891
rav,0.014896867838
say,0.000208347801931
anp,0.000798666574068
prs,0.000312521702896
anz,0.0256267796375
lib,0.0246892145288
mia,0.00763941940413
zop,6.94492673102e-05
ues,0.188902007084
miu,0.0
vna,0.0
uya,0.00482672407806
but,0.00215292728662
xor,0.0
rhe,0.000694492673102
urd,0.00284741995972
don,0.0406625460101
urn,0.000520869504827
dod,0.000694492673102
ipl,0.00388915896937
urp,0.000243072435586
dor,0.0381276477533
urz,0.000243072435586
rte,0.0548649211751
ncn,0.000520869504827
dlo,0.00187513021738
uga,0.022154316272
bub,3.47246336551e-05
nle,0.00555594138482
ugu,0.000972289742343
zto,0.0
oco,0.0146190707688
jan,0.0114244044725
jad,0.00902840475033
yth,0.00013889853462
hiv,6.94492673102e-05
sse,0.0365303146052
hij,0.167407458851
eme,0.0246197652615
bat,0.0167025487881
nzu,0.000277797069241
rfu,0.00177095631641
emo,0.0478852698104
baz,0.00013889853462
lst,0.000312521702896
ebn,0.000243072435586
rfi,0.00163205778179
crn,0.00156260851448
arp,0.00128481144524
rmt,0.0
arz,0.00156260851448
nun,0.0176053892631
see,0.00236127508855
ard,0.0471560525036
nud,0.00333356483089
arn,0.0715327453295
dla,0.000520869504827
luv,0.00222237655393
irt,0.00326411556358
mug,0.000243072435586
irn,0.00961872352247
luj,0.000590318772137
jot,0.00142370997986
vru,0.0
tuv,0.0214250989652
omm,0.00368081116744
joh,0.00152788388083
vri,6.94492673102e-05
cos,0.0691367456073
ett,0.0478852698104
ill,0.0295159386068
vti,0.0
tla,0.000381970970206
und,0.023057156747
cog,0.0128133898187
eth,0.00298631849434
tlo,0.00131953607889
unn,0.000659768039447
uia,0.00208347801931
pov,0.00118063754427
pol,0.0123966942149
ucc,0.00520869504827
pob,0.00364608653379
uci,0.00906312938398
frc,3.47246336551e-05
bbe,0.0182651573026
add,0.00190985485103
yam,0.000416695603861
duz,0.000451420237516
dut,0.00274324605875
rvi,0.0164594763525
oth,0.00496562261268
lgn,0.00263907215779
nry,0.0
gag,0.000520869504827
mcu,6.94492673102e-05
fut,0.000312521702896
gnz,3.47246336551e-05
hat,0.00336828946455
yse,0.000208347801931
rbo,0.00670185429544
eie,6.94492673102e-05
yss,0.0
drs,0.00625043405792
rbe,0.00156260851448
vul,0.00232655045489
eio,0.0
tzs,0.0
avv,0.00840336134454
rin,0.0278144315577
mqu,3.47246336551e-05
unz,0.000625043405792
rid,0.0170845197583
pav,0.00197930411834
vur,0.0
paj,0.000868115841378
uqu,0.00197930411834
nih,0.0
pha,0.00493089797903
nif,0.00524341968192
oia,0.00243072435586
vvo,0.000902840475033
vve,0.00496562261268
phu,0.000104173900965
zof,0.0
epn,3.47246336551e-05
thm,0.00173623168276
ake,0.000416695603861
adj,0.000104173900965
lda,0.00802139037433
ldo,0.00159733314814
lcn,3.47246336551e-05
ldu,0.000277797069241
mge,0.000694492673102
lit,0.00701437599833
cug,0.000173623168276
haz,0.00871588304743
rgh,0.000833391207723
cum,0.00826446280992
elv,0.00350718799917
bne,0.00156260851448
opt,0.0
lcr,0.00256962289048
hna,0.000590318772137
rnc,0.0245155913605
ame,0.0488922841864
nve,0.00930620181957
uzb,0.0
biv,0.00013889853462
moa,0.00222237655393
bij,3.47246336551e-05
lja,0.00013889853462
rpe,0.00319466629627
eec,0.0
olb,0.0
vst,0.000451420237516
zcl,0.000729217306757
oll,0.0177442877978
viz,0.00128481144524
olv,0.030002083478
ess,0.071289672894
pez,0.00357663726648
icc,0.0129522883534
fod,0.000104173900965
rpo,0.00725744843392
eso,0.0204528092229
fon,0.00743107160219
umi,0.01007014376
bbo,0.000555594138482
zzu,0.00013889853462
ruf,0.000243072435586
plc,0.000208347801931
oec,0.0
eye,0.013091186888
pli,0.0108340857004
acc,0.046010139593
ndo,0.23845405931
idt,3.47246336551e-05
nds,0.00013889853462
obr,0.136294187096
fri,0.00180568095007
ppa,0.0051045211473
soi,0.00562539065213
ppo,0.00885478158205
sos,0.0186818529065
ppu,0.00232655045489
nsr,0.0
vah,0.0
lod,0.00125008681158
xpa,0.000451420237516
rcr,0.000208347801931
lor,0.0456976178901
gim,0.00114591291062
xpu,0.000104173900965
ago,0.00809083964164
jul,0.000104173900965
rje,0.000347246336551
juz,0.00663240502813
cia,0.100388915897
azn,0.0184387804709
uth,0.000694492673102
cio,0.0562539065213
ciu,0.0311827210223
azr,0.0
lvi,0.0171886936593
<la,0.0
nno,0.0306618515175
ohn,0.0
nne,0.00555594138482
inr,0.00107646364331
piz,3.47246336551e-05
uiu,3.47246336551e-05
ind,0.0196888672825
pit,0.0158691575804
grv,0.0
naf,0.0
tiz,0.0111466074033
nal,0.0115633030072
til,0.0117022015418
ige,0.00368081116744
naz,0.00163205778179
tif,0.0095145496215
ubv,6.94492673102e-05
squ,0.00527814431558
ubb,0.00246544898951
eoc,0.000763941940413
for,0.0513577331759
age,0.00267379679144
alo,0.0226751857768
ptl,0.0
roo,0.0
osp,0.00635460795889
ale,0.0838252656434
llv,0.000312521702896
roy,0.00260434752413
lll,0.000451420237516
mna,0.00302104312799
ros,0.141190360442
scp,0.00458365164248
alq,0.0106951871658
aud,0.001007014376
msl,0.0
aun,0.0216681714008
vea,0.00309049239531
aux,6.94492673102e-05
mpe,0.0244808667269
iun,0.00878533231474
fau,0.0
cfc,0.0
fac,0.0104868393638
iur,0.000625043405792
upo,0.00107646364331
gov,0.000451420237516
dii,0.0
evo,0.0178484616987
upe,0.00281269532606
cmb,0.000243072435586
dic,0.0750746579624
evs,0.00013889853462
lbr,0.000937565108688
trt,0.000243072435586
uel,0.0886519897215
tea,0.00177095631641
odu,0.00225710118758
hth,0.0
rui,0.00656295576082
rrz,0.0
odo,0.169213139801
teu,0.0
uer,0.115285783735
xhr,0.0
abi,0.0689631224391
bdn,0.00013889853462
nea,0.00267379679144
abs,0.00291686922703
ecd,0.0
lee,0.00131953607889
meb,0.0
ozm,3.47246336551e-05
ufe,0.00013889853462
met,0.0231266060143
gil,0.0013889853462
ozs,0.0
ley,0.0103479408292
hbl,3.47246336551e-05
gla,0.000347246336551
akp,0.0
sla,0.00215292728662
drl,0.000729217306757
boo,0.000486144871172
rdn,0.00420168067227
glu,0.00013889853462
vig,0.00267379679144
ecp,3.47246336551e-05
brr,3.47246336551e-05
uzc,0.000208347801931
apo,0.00527814431558
yit,0.0
ape,0.0106257378985
cha,0.050038197097
aed,0.00107646364331
fea,0.000243072435586
usn,0.000555594138482
eyn,0.00013889853462
zig,0.000104173900965
ust,0.0322591846656
chu,0.00274324605875
zim,0.000520869504827
iir,3.47246336551e-05
pya,0.0
ibi,0.019029099243
jae,0.000104173900965
ers,0.0469824293354
ulq,0.0
cav,0.00649350649351
dew,0.000208347801931
ere,0.179595805264
ulo,0.0160775053823
cal,0.0156260851448
dea,0.00437530384054
ero,0.200083339121
ule,0.00149315924717
idu,0.0071185498993
xce,0.00128481144524
uar,0.0470866032363
spu,0.0272935620529
tag,0.00531286894923
ual,0.102854364886
spo,0.0325022571012
tai,0.00149315924717
tsi,0.001007014376
sit,0.0106257378985
afe,0.000451420237516
sib,0.00427112993958
ens,0.04208625599
sih,3.47246336551e-05
oav,0.0
aod,0.000208347801931
lai,0.000937565108688
mav,0.000590318772137
lac,0.00736162233488
lau,0.000833391207723
maj,0.00107646364331
dsc,0.0
egn,0.0232307799153
eni,0.0342037641503
ghi,0.00493089797903
egd,0.0
kbi,0.000208347801931
lso,0.00284741995972
ffr,0.0023959997222
ita,0.0673310646573
zeq,3.47246336551e-05
jnd,0.000520869504827
uva,0.000590318772137
fiu,0.00142370997986
eub,0.0
fic,0.0509063129384
imr,0.000416695603861
eut,0.000104173900965
fii,0.000173623168276
uon,0.00673657892909
cls,3.47246336551e-05
ceb,0.00284741995972
dac,0.00125008681158
noa,0.000729217306757
lzl,6.94492673102e-05
hye,0.0
ifu,0.000173623168276
ifa,0.000208347801931
gun,0.0384054448226
lfr,3.47246336551e-05
izc,0.0
goj,0.000312521702896
eje,0.00416695603861
reu,0.00267379679144
smn,0.0
shc,0.0
rec,0.0766025418432
smd,0.0
aje,0.0105562886312
blb,0.0
asp,0.00829918744357
oru,3.47246336551e-05
puc,0.000590318772137
asd,0.000277797069241
lma,0.0107993610667
ntd,0.000104173900965
ora,0.101048683936
ata,0.0463226612959
ltz,0.0
loe,3.47246336551e-05
ist,0.0769497881797
isb,0.00013889853462
emz,0.0
ltn,0.0
oni,0.0311827210223
rrn,0.000208347801931
zag,0.000659768039447
ong,0.0123619695812
zas,0.0121536217793
jeu,0.0
iad,0.0165983748871
nuy,0.00013889853462
xio,0.0
jec,0.00152788388083
heg,0.000833391207723
jei,0.0
iap,0.000381970970206
rso,0.0189596499757
huc,6.94492673102e-05
cup,0.00347246336551
rsa,0.00788249183971
ogr,0.000590318772137
ude,0.00930620181957
aad,0.00475727481075
bei,6.94492673102e-05
stm,0.000104173900965
aan,0.00739634696854
aap,0.0
aaz,0.000173623168276
ane,0.0244808667269
prf,0.0
nqu,0.0161469546496
sab,0.0315646919925
ano,0.127543579415
prh,0.0
anq,0.00197930411834
sav,0.00149315924717
rmi,0.0258698520731
zog,0.000104173900965
liu,0.000243072435586
miz,0.000277797069241
mit,0.00767414403778
sfu,0.00184040558372
ncu,0.0170497951247
bse,0.000972289742343
sfa,0.00204875338565
ure,0.00795194110702
doo,0.00145843461351
exa,0.000659768039447
uro,0.0132648100563
doe,6.94492673102e-05
oyn,0.000833391207723
mri,0.000729217306757
dos,0.184630877144
rtd,0.0
oju,0.000208347801931
dbl,0.0
toa,3.47246336551e-05
nco,0.0323980832002
ipm,0.0
oja,0.00618098479061
nga,0.0196194180151
ocn,0.000416695603861
iep,0.0
jao,0.00013889853462
iej,0.00197930411834
ocr,0.000486144871172
ied,0.0190985485103
gev,0.000520869504827
iro,0.0159386068477
hia,0.0136467810265
emd,6.94492673102e-05
bau,0.00243072435586
emn,0.00156260851448
cra,0.0017015070491
emp,0.0630946593513
baa,0.00333356483089
cro,0.00663240502813
aen,0.000625043405792
ebe,0.0124314188485
rmu,0.00152788388083
ebo,0.0047225501771
nuo,0.00916730328495
sed,0.00753524550316
are,0.153378706855
nue,0.0457323425238
sej,0.00413223140496
aro,0.0966733800958
gna,0.0126050420168
wor,0.00013889853462
nlz,0.0
lua,0.000243072435586
muf,6.94492673102e-05
dlt,0.000243072435586
oml,0.000555594138482
tua,0.0100006944927
leo,0.00208347801931
unq,0.00902840475033
cor,0.0901451489687
etu,0.00402805750399
ilm,0.00197930411834
rtn,0.000659768039447
fnd,0.0
une,0.00225710118758
haa,0.000486144871172
eti,0.0158344329467
uno,0.0681991804986
edi,0.0631988332523
pom,0.000243072435586
joi,0.00121536217793
poc,0.0144454476005
uch,0.0335092714772
dua,0.000833391207723
raa,0.00388915896937
yal,0.0
oti,0.00670185429544
uij,0.00131953607889
gaz,0.00343773873186
ilg,0.000208347801931
lge,0.00187513021738
lgs,0.000208347801931
slu,3.47246336551e-05
rbn,6.94492673102e-05
slo,0.00322939092993
eid,0.00152788388083
gno,0.0231960552816
ein,0.0389957635947
iva,0.0133342593236
rio,0.0306271268838
avi,0.034030140982
rie,0.0228835335787
zgi,0.000104173900965
cja,6.94492673102e-05
paa,0.00204875338565
ils,3.47246336551e-05
nii,0.0
dge,0.0
cof,3.47246336551e-05
nig,0.000659768039447
ion,0.0525383707202
mzc,0.0
kib,0.000798666574068
iod,0.00225710118758
oho,0.0
pht,0.000937565108688
hoo,3.47246336551e-05
lic,0.0137856795611
cti,0.002014028752
epo,0.00531286894923
thl,0.000451420237516
uji,0.000416695603861
epe,0.00225710118758
thb,0.0
xec,6.94492673102e-05
ldn,0.0
ldt,0.000729217306757
yet,0.0
uzi,0.00173623168276
rgu,0.00163205778179
skr,0.0
elc,0.00152788388083
ade,0.0398986040697
rgi,0.00187513021738
cul,0.0176401138968
hau,0.00121536217793
bnd,0.000104173900965
opu,0.000763941940413
pso,0.00423640530592
rnb,3.47246336551e-05
dci,0.00312521702896
bia,0.0155913605111
moj,0.000555594138482
opa,0.00496562261268
lco,0.00451420237516
vim,0.00218765192027
yot,0.0
efe,0.00566011528578
eeb,3.47246336551e-05
hco,6.94492673102e-05
olc,0.00114591291062
iju,0.0
olm,0.000486144871172
ezi,0.00597263698868
iji,0.000659768039447
ezc,0.00447947774151
esr,0.000694492673102
fos,0.00531286894923
icb,3.47246336551e-05
tma,0.000763941940413
cnc,0.0
esn,0.00309049239531
pse,0.000590318772137
peg,0.00284741995972
icv,0.0
cni,3.47246336551e-05
nmu,0.00392388360303
hse,0.000798666574068
arq,0.00013889853462
rug,0.0047225501771
oet,0.000312521702896
nma,0.000243072435586
tyc,6.94492673102e-05
acb,0.000104173900965
ndn,0.000520869504827
vsi,0.0
ach,0.0168067226891
yle,0.0
idk,0.0
ndr,0.0435446906035
obs,0.00118063754427
ida,0.0573303701646
mbi,0.0577817904021
nso,0.00888950621571
ahi,0.00187513021738
hou,3.47246336551e-05
mbc,0.0
sor,0.0146885200361
fci,0.000381970970206
mbu,0.000798666574068
nss,0.0
vai,0.00125008681158
gip,0.00739634696854
vag,0.00131953607889
rcs,0.000277797069241
los,0.687235224668
ehe,0.000416695603861
rce,0.0123966942149
loy,0.0
hei,0.000868115841378
jug,0.000277797069241
ead,0.00392388360303
buc,0.00343773873186
mde,6.94492673102e-05
utc,0.0
dme,0.00256962289048
azo,0.0081255642753
uti,0.0101048683936
cin,0.0780609764567
dmo,0.000208347801931
cit,0.0287867213001
azs,0.000104173900965
mte,0.000208347801931
rvb,0.0
cba,0.000243072435586
iny,0.0
pia,0.0203139106882
nnd,0.000833391207723
oha,0.00180568095007
ins,0.0103826654629
uit,0.0139593027294
cbu,3.47246336551e-05
ine,0.0184735051045
piu,0.00104173900965
lgo,0.00413223140496
nag,0.00222237655393
nam,0.00298631849434
tim,0.023161330648
igd,0.000104173900965
tig,0.0116327522745
gri,0.00802139037433
rqu,0.144280852837
agn,0.00691020209737
bco,0.0
cpa,0.000104173900965
agd,0.000208347801931
cpu,0.00458365164248
all,0.118237377596
oss,0.0230918813807
alb,0.00329884019724
llu,0.00524341968192
roz,0.000763941940413
osm,3.47246336551e-05
edt,0.00013889853462
rot,0.0098270713244
ver,0.077123411348
aug,0.000590318772137
xta,0.000416695603861
ven,0.0742759913883
scg,0.0
vla,6.94492673102e-05
ugg,0.0040975067713
mph,0.000104173900965
faj,6.94492673102e-05
pta,0.000486144871172
tri,0.0454545454545
upl,0.000416695603861
gug,0.000312521702896
dij,0.0464962844642
trc,0.0
cma,0.00288214459337
div,0.0111118827696
evt,0.0
teh,0.0
nty,0.0
rrm,0.000104173900965
hta,0.000520869504827
teb,3.47246336551e-05
uea,0.00145843461351
tev,0.00315994166262
neh,0.00013889853462
suo,0.0198972150844
bdi,0.0
zro,3.47246336551e-05
flm,0.0
net,0.00274324605875
lef,6.94492673102e-05
mem,0.00513924578096
gge,0.00833391207723
uff,0.00197930411834
lez,0.00548649211751
hbo,3.47246336551e-05
glb,0.0
hba,3.47246336551e-05
jav,0.0
dro,0.0068060281964
rdi,0.0222237655393
enj,0.00246544898951
jrc,0.00770886867144
zzi,0.0044100284742
vid,0.0456281686228
nnc,3.47246336551e-05
vir,0.0113202305716
apl,0.000555594138482
chb,0.00218765192027
dna,0.000104173900965
fen,0.00281269532606
qum,6.94492673102e-05
usm,0.0
chl,0.00197930411834
fet,0.0147926939371
uss,0.00222237655393
fez,0.000243072435586
msa,0.00013889853462
dzc,0.0
iii,0.000659768039447
jab,0.00204875338565
ulv,0.00145843461351
cau,0.0241336203903
erf,0.00597263698868
tna,0.0
ull,0.0186124036391
cac,0.00684075283006
deb,0.0130217376207
erh,0.0
tat,0.0378151260504
eoa,0.0
idr,0.000312521702896
taj,0.000451420237516
hof,0.000694492673102
cse,0.000902840475033
aff,0.0132648100563
fpi,0.0
sia,0.0167372734218
hor,0.0300715327453
sio,0.0104868393638
afr,0.00159733314814
afl,0.00447947774151
snd,0.000243072435586
aoc,3.47246336551e-05
laj,0.0
may,0.00548649211751
mac,0.00729217306757
lav,0.00944510035419
mam,0.00218765192027
oau,0.0
ght,6.94492673102e-05
zni,0.0
hol,0.00809083964164
zeb,0.000868115841378
ith,0.000763941940413
ttu,0.00489617334537
itt,0.0185429543718
ima,0.0312868949233
wrd,6.94492673102e-05
hza,0.000625043405792
jin,3.47246336551e-05
jit,0.000104173900965
uog,0.0013889853462
ent,0.434405167025
euw,0.0
fin,0.0281269532606
uom,0.00791721647337
pbu,6.94492673102e-05
noh,0.0
cea,0.000520869504827
dal,0.0306618515175
lzu,3.47246336551e-05
nob,0.00156260851448
dav,0.0303493298146
lzo,0.000937565108688
not,0.00854225987916
nfo,0.0226057365095
nfu,0.00232655045489
lfa,0.00013889853462
hlo,0.000451420237516
gum,0.000520869504827
hle,0.000416695603861
ejl,0.00013889853462
dst,0.000451420237516
izn,0.000243072435586
rej,0.00347246336551
adv,0.00104173900965
ejr,0.00795194110702
jov,0.000555594138482
ehv,3.47246336551e-05
ecc,0.0147579693034
puj,0.000625043405792
mmu,0.000312521702896
nts,0.0044100284742
orr,0.0319119383291
eci,0.0728522814084
mmo,0.00572956455309
ntm,0.000555594138482
sbd,0.0
mma,0.00357663726648
lts,0.000590318772137
atn,0.000833391207723
jez,0.00125008681158
att,0.0509063129384
shn,0.0
isa,0.0111118827696
zan,0.00562539065213
onn,0.00718799916661
zad,0.00809083964164
nhi,0.0
ueo,0.00381970970206
ond,0.0758038752691
zaz,6.94492673102e-05
onr,0.00388915896937
zap,0.000763941940413
iam,0.0304187790819
tor,0.0588929786791
iag,0.00267379679144
gie,0.00253489825682
tof,3.47246336551e-05
ias,0.0229182582124
tfo,0.0
hul,0.000312521702896
tfa,3.47246336551e-05
rsb,0.0
ogm,0.000208347801931
rst,0.000416695603861
ogg,0.00538231821654
std,3.47246336551e-05
dti,0.0
ben,0.0295159386068
rzo,0.00194457948469
jen,0.00131953607889
stn,0.0150704910063
bed,0.00486144871172
nza,0.0433363428016
aas,0.0064240572262
ber,0.0414612125842
nzo,0.00152788388083
anf,0.000416695603861
pra,0.0102437669283
ebr,0.0121188971456
ran,0.126883811376
saa,0.00413223140496
anh,0.000173623168276
rat,0.0318424890617
lbi,0.0
raz,0.0290645183693
sau,0.000590318772137
lil,0.00125008681158
rmn,0.00013889853462
mic,0.00979234669074
liv,0.00142370997986
efl,0.000173623168276
lix,0.000104173900965
eff,0.000520869504827
vno,0.000416695603861
sfr,0.000381970970206
jst,6.94492673102e-05
gsi,0.000312521702896
uym,0.0
urf,0.000520869504827
cka,6.94492673102e-05
dol,0.0192027224113
doz,0.000520869504827
ext,0.0153135634419
jbi,0.000381970970206
urr,0.00312521702896
dop,0.00548649211751
lpa,0.00159733314814
ugi,0.00211820265296
ojr,6.94492673102e-05
dbo,0.00013889853462
rti,0.0317383151608
rts,0.000381970970206
ojn,3.47246336551e-05
hry,3.47246336551e-05
oca,0.0312868949233
ies,0.0339606917147
hrs,0.0
ngt,0.0
jal,0.00111118827696
iem,0.0297242864088
hre,0.0
ocu,0.00628515869158
ieg,0.00527814431558
hib,0.000590318772137
hil,0.00430585457323
crr,3.47246336551e-05
aes,0.0037155358011
bar,0.0170497951247
gbl,0.0
emi,0.015903882214
rfa,0.000763941940413
ems,0.00725744843392
ban,0.0694492673102
rfo,0.0
crl,0.0
arr,0.0310785471213
nuv,0.00013889853462
nul,0.0013889853462
sec,0.0105215639975
arf,0.000312521702896
lne,0.000173623168276
nub,0.00378498506841
sei,0.0148621432044
ome,0.0688589485381
rzu,0.0
irv,0.0037155358011
lub,0.000104173900965
mua,0.0
lul,6.94492673102e-05
uos,0.0017015070491
zbe,0.0
kei,0.000104173900965
cln,3.47246336551e-05
oms,0.000347246336551
vra,0.00125008681158
dju,0.000104173900965
tub,0.000381970970206
vro,0.000625043405792
lep,0.00135426071255
ild,0.00125008681158
etz,0.00013889853462
pcr,0.000173623168276
ilp,3.47246336551e-05
coi,0.000868115841378
etn,0.000277797069241
pot,0.0196541426488
uic,0.00673657892909
poj,0.00187513021738
uca,0.00211820265296
ggo,0.000659768039447
fra,0.013091186888
dub,0.00121536217793
fro,0.00388915896937
edn,0.000520869504827
fru,0.00802139037433
zpa,0.000243072435586
imu,0.000625043405792
duv,0.00385443433572
gay,3.47246336551e-05
uim,0.000798666574068
nra,0.00354191263282
gao,0.00135426071255
gae,0.000590318772137
eis,0.0285089242308
fur,0.00614626015696
jiz,3.47246336551e-05
slv,0.000451420237516
gnf,0.000243072435586
hav,0.000208347801931
fun,0.00590318772137
jpm,0.000416695603861
vob,0.0
riv,0.0131606361553
dru,0.000763941940413
vot,0.00232655045489
ril,0.00736162233488
rib,0.0319813875964
dha,3.47246336551e-05
pab,0.00385443433572
pal,0.0485450378499
phi,0.000937565108688
nin,0.0170497951247
unf,3.47246336551e-05
pja,0.0
nid,0.0190985485103
jkl,0.0
iom,0.000381970970206
nir,0.00937565108688
ioc,0.00281269532606
thu,0.000277797069241
epl,6.94492673102e-05
cce,0.00722272380026
epb,0.0
efr,0.000729217306757
tha,0.00434057920689
ldg,0.0
yec,6.94492673102e-05
hjo,0.0
hah,0.000104173900965
hab,0.162615459407
zor,0.000659768039447
wes,0.0
cue,0.0225710118758
nvi,0.03201611223
adh,0.000173623168276
elt,0.00673657892909
lji,3.47246336551e-05
amm,0.00743107160219
bih,3.47246336551e-05
mos,0.0787901937635
rna,0.0255920550038
amg,3.47246336551e-05
moi,0.0160427807487
nvc,0.0
bit,0.0210778526287
mog,0.00427112993958
rnu,0.000104173900965
zle,0.000312521702896
ipr,0.00204875338565
mhl,0.000729217306757
mo],0.0
zlo,0.000416695603861
vda,3.47246336551e-05
nja,0.00236127508855
old,0.00347246336551
njo,6.94492673102e-05
oln,0.000277797069241
nju,0.00225710118758
ick,6.94492673102e-05
cnt,0.000937565108688
esq,0.00114591291062
pet,0.0135078824918
ica,0.060004166956
ddu,0.0
esg,0.000243072435586
pen,0.0244461420932
uma,0.00395860823668
esm,0.00128481144524
icu,0.00465310090979
plu,0.000694492673102
run,6.94492673102e-05
rud,0.0027085214251
oek,0.000208347801931
pla,0.0179873602333
rur,3.47246336551e-05
aca,0.0249322869644
zut,0.0
nda,0.0713938467949
aco,0.030106257379
zub,0.0
srv,0.000173623168276
acu,0.00555594138482
ndu,0.00843808597819
soa,0.000347246336551
nst,0.0071185498993
het,0.00156260851448
xpi,0.00354191263282
van,0.0517049795125
loj,0.000520869504827
vad,0.00954927425516
rcl,3.47246336551e-05
lop,0.000486144871172
var,0.0434057920689
eam,0.00166678241545
jud,0.0178484616987
hnc,0.0
eag,6.94492673102e-05
jur,0.00753524550316
rji,0.001007014376
cig,0.000798666574068
utn,0.0
cim,0.0122230710466
azz,0.01187582471
lva,0.00961872352247
utt,0.0324328078339
azt,0.000347246336551
rva,0.00934092645323
inz,0.000694492673102
pib,0.0
rvo,0.0221890409056
inl,6.94492673102e-05
inf,0.00975762205709
piv,0.000173623168276
nad,0.0257309535384
tit,0.01691089659
nar,0.0344815612195
tin,0.0207306062921
yos,0.00298631849434
igi,0.00968817278978
umu,0.000486144871172
ubl,0.00173623168276
agm,0.00013889853462
ajr,0.000694492673102
scl,0.000659768039447
alm,0.0180568095007
roa,0.000208347801931
osr,3.47246336551e-05
alc,0.0236822001528
mni,0.00194457948469
eda,0.0319813875964
osl,0.000902840475033
edu,0.00402805750399
llb,6.94492673102e-05
scr,0.0231266060143
ves,0.0217028960344
auf,3.47246336551e-05
vey,0.0
aup,0.0
peo,0.000520869504827
veo,0.0013889853462
auz,0.00013889853462
tnt,0.0
mpi,0.0155566358775
fak,0.0
iuz,0.000104173900965
iut,0.00583373845406
eva,0.0641016737273
trb,0.000104173900965
upc,0.000208347801931
gul,0.000659768039447
guz,6.94492673102e-05
evu,0.00118063754427
trv,0.0
tei,0.00909785401764
uen,0.028092228627
tec,0.0135078824918
pma,0.000416695603861
uez,0.00454892700882
oda,0.0904229460379
cat,0.0198277658171
aba,0.187929717341
nei,0.00534759358289
sun,0.00625043405792
ych,0.000104173900965
abu,0.00586846308771
zrn,3.47246336551e-05
neu,0.00013889853462
leg,0.0359052711994
mel,0.00531286894923
mev,0.000104173900965
ctu,0.000486144871172
ekb,0.000208347801931
cta,0.00253489825682
drn,0.0088200569484
boa,0.00399333287034
slc,0.0
apy,3.47246336551e-05
ipe,0.0203486353219
win,0.0
sgr,0.000416695603861
vis,0.0295159386068
wit,0.000798666574068
sgl,0.0
rus,0.00979234669074
chc,6.94492673102e-05
feo,6.94492673102e-05
mst,0.000590318772137
chm,0.00184040558372
zie,0.00381970970206
usr,0.0
chw,0.0
hac,0.0512535592749
nke,0.000243072435586
gza,3.47246336551e-05
kle,0.0
ibe,0.00840336134454
oct,0.00263907215779
dei,0.0273630113202
erg,0.00722272380026
ulm,0.000208347801931
cab,0.0334745468435
dec,0.0338912424474
eri,0.0560455587194
tau,0.00166678241545
uaz,0.000868115841378
uat,0.0129522883534
ids,0.000416695603861
taa,0.000555594138482
uan,0.0805611500799
spa,0.0252448086673
ena,0.05215639975
vmi,3.47246336551e-05
siz,0.000937565108688
hom,0.0514271824432
oyl,0.000173623168276
enu,0.00795194110702
csp,0.0
hoy,0.00715327453295
sne,0.0
hog,0.00013889853462
act,0.00600736162233
mab,0.00496562261268
ove,0.0267379679144
mal,0.034932981457
gha,3.47246336551e-05
egl,0.0186124036391
oat,0.001007014376
zec,0.00291686922703
iti,0.00947982498785
zei,0.000173623168276
uvi,0.0163900270852
itu,0.0333356483089
uor,0.00722272380026
clo,0.00347246336551
cla,0.016112230016
fia,0.00756997013682
fio,0.00197930411834
uol,0.00333356483089
noi,0.00413223140496
dam,0.0135773317591
noc,0.0213209250642
cev,0.00361136190013
nfn,0.0
sin,0.0580248628377
ifc,0.000902840475033
kpo,0.0
fhf,3.47246336551e-05
out,3.47246336551e-05
ejm,3.47246336551e-05
god,0.000659768039447
ajs,0.0
izo,0.027189388152
rea,0.0101048683936
smb,0.000104173900965
ejs,3.47246336551e-05
ecb,6.94492673102e-05
ntr,0.166261545941
ors,0.0120494478783
ech,0.0738245711508
lmi,0.000347246336551
mmn,0.00128481144524
ntl,0.00131953607889
ori,0.0560108340857
usl,0.000277797069241
qul,0.0027085214251
ntf,0.000798666574068
ltr,0.0144454476005
ato,0.0771928606153
jam,0.00402805750399
atu,0.00892423084936
[ed,3.47246336551e-05
ltl,0.00013889853462
zao,0.000625043405792
ono,0.0908396416418
zae,0.000555594138482
one,0.0684075283006
rrl,0.0
ons,0.0435446906035
iha,0.000104173900965
ial,0.00694492673102
tos,0.0753871796653
iaf,0.000104173900965
jea,0.000451420237516
gid,0.00666712966178
jeo,0.0
iar,0.0325369817348
udw,0.000208347801931
hum,0.00513924578096
rsc,3.47246336551e-05
ogl,0.0135426071255
pnn,0.0
rsu,0.00131953607889
huy,0.00392388360303
oxi,0.0
vie,0.0493437044239
ste,0.118167928328
beo,0.00013889853462
rzn,3.47246336551e-05
sto,0.129383984999
tog,0.00142370997986
zse,0.000277797069241
rma,0.041982082089
aar,0.0085075352455
bes,0.0109382596014
nzn,3.47246336551e-05
saj,0.0027085214251
ang,0.0228140843114
rao,0.00215292728662
ani,0.0318077644281
prj,0.001007014376
rau,0.000729217306757
ans,0.00906312938398
sat,0.0103132161956
lim,0.00784776720606
mib,6.94492673102e-05
rmo,0.00635460795889
zos,0.00468782554344
miv,3.47246336551e-05
kar,0.00013889853462
vnt,0.00125008681158
sfi,0.00163205778179
uhi,3.47246336551e-05
uyl,3.47246336551e-05
urg,0.00142370997986
dom,0.00871588304743
exo,6.94492673102e-05
ira,0.0332314744079
uri,0.0126050420168
axa,0.000208347801931
rsi,0.0155566358775
urs,0.000868115841378
doq,0.0
rtf,0.000312521702896
ugh,0.000381970970206
ojs,0.000451420237516
rth,0.000104173900965
rtr,0.000659768039447
ojo,0.0206958816584
ier,0.259115216334
ngu,0.0224321133412
sut,0.00107646364331
iel,0.0206611570248
cda,0.0
jac,0.00694492673102
get,0.00184040558372
geb,0.00013889853462
hic,0.0218765192027
tbn,0.000104173900965
ssf,0.000208347801931
him,0.00114591291062
aer,0.0125703173832
bas,0.0177095631641
joa,0.0068060281964
bay,3.47246336551e-05
she,0.000381970970206
emr,0.0
bao,0.000833391207723
sho,0.000451420237516
sev,0.000972289742343
ars,0.0470866032363
tia,0.0131606361553
ebi,0.00402805750399
num,0.00107646364331
seb,0.0037155358011
arg,0.0138551288284
lnd,0.000555594138482
bee,0.000173623168276
nuc,0.00145843461351
seh,0.000972289742343
mut,0.0013889853462
luy,0.000694492673102
ggr,0.000416695603861
wol,6.94492673102e-05
luc,0.00430585457323
[de,0.0
lum,0.00677130356275
muj,0.0214598235989
uns,0.000381970970206
omr,0.000486144871172
tuc,0.000416695603861
ile,0.0232307799153
cot,0.000277797069241
tui,0.00253489825682
eta,0.0210778526287
ung,0.0142718244323
coh,0.000243072435586
eto,0.0047225501771
rpr,0.00156260851448
geh,0.0
dui,3.47246336551e-05
bbl,0.00114591291062
wer,0.0
duc,0.00552121675116
frn,6.94492673102e-05
pci,0.00263907215779
frt,0.000104173900965
xac,6.94492673102e-05
bme,0.0
hmu,0.0
edo,0.019029099243
ote,0.0414264879506
rvn,0.0
gan,0.0167372734218
vue,0.06403222446
gad,0.0145843461351
hma,0.00190985485103
eir,0.000902840475033
fus,0.00538231821654
gny,0.0
mlo,0.00104173900965
sli,0.000347246336551
eif,0.000798666574068
fuo,0.00701437599833
adi,0.0172581429266
cva,0.0
voc,0.0129175637197
ivu,0.000416695603861
rim,0.0384401694562
jok,0.0
ric,0.0348635321897
lqu,0.0107993610667
pac,0.0146885200361
pam,0.000555594138482
nio,0.0131259115216
iov,0.0040975067713
nie,0.0301757066463
iol,0.00368081116744
nis,0.0117022015418
oit,6.94492673102e-05
iob,3.47246336551e-05
gst,0.0
yan,0.00166678241545
ofi,0.00236127508855
ccr,0.0
oan,0.000277797069241
epc,0.000555594138482
tcu,6.94492673102e-05
nca,0.0182651573026
uct,0.000972289742343
hai,0.00545176748385
ela,0.0752482811306
rga,0.00684075283006
cud,0.0037155358011
elu,0.000590318772137
aml,0.000729217306757
mor,0.0451420237516
mla,0.000347246336551
moh,6.94492673102e-05
opc,0.0
amp,0.023057156747
biu,3.47246336551e-05
mof,6.94492673102e-05
rnt,6.94492673102e-05
ips,0.000173623168276
oaz,6.94492673102e-05
hga,0.000347246336551
ole,0.0341690395166
zco,0.00208347801931
ezq,3.47246336551e-05
olo,0.0554899645809
ija,0.0160775053823
ijk,0.0
esp,0.099173553719
esf,0.00312521702896
fog,0.00218765192027
esl,0.000486144871172
pea,0.00152788388083
ict,0.000451420237516
plt,3.47246336551e-05
ruo,0.000694492673102
rue,0.00743107160219
nmo,0.000798666574068
obo,0.00593791235502
fca,0.000659768039447
obe,0.00805611500799
acn,0.000312521702896
zuc,0.000104173900965
idi,0.00965344815612
yns,0.0
ndt,6.94492673102e-05
kre,0.000277797069241
aha,0.00652823112716
nsa,0.0237169247864
soj,6.94492673102e-05
aho,0.0236127508855
ppl,0.000243072435586
sot,0.0597610945205
ahu,0.00104173900965
nsu,0.00954927425516
vao,0.00013889853462
vae,0.0
rcm,0.00013889853462
loq,0.000520869504827
hea,0.0
vas,0.0144801722342
ehi,0.000243072435586
eal,0.00868115841378
jue,0.00187513021738
hos,0.0192721716786
jus,0.0137856795611
toi,0.000555594138482
uta,0.0113549552052
cif,0.00121536217793
aza,0.0091325786513
gli,0.0919855545524
uto,0.0297590110424
cil,0.0105562886312
utu,0.000659768039447
ciz,0.000451420237516
azu,0.000104173900965
pii,0.000104173900965
uib,6.94492673102e-05
ohi,0.000104173900965
pic,0.00704910063199
uil,0.00291686922703
agb,3.47246336551e-05
inm,0.00406278213765
uiv,0.00013889853462
ing,0.0313563441906
gru,0.00152788388083
nae,0.000243072435586
tiu,3.47246336551e-05
nas,0.0245850406278
tio,0.00395860823668
gra,0.0787901937635
yor,0.00479199944441
igh,0.000659768039447
sbe,0.002014028752
dqu,0.000763941940413
svo,0.000520869504827
agl,0.0126397666505
sve,0.00156260851448
eon,0.00142370997986
bcc,0.0
hmo,0.000243072435586
eot,3.47246336551e-05
bcu,6.94492673102e-05
roh,0.000208347801931
sco,0.0380234738524
alj,0.000208347801931
pti,0.00402805750399
rob,0.00996596985902
sca,0.0294117647059
edl,0.00118063754427
oso,0.0701090353497
alv,0.00906312938398
ugo,0.00482672407806
ptu,6.94492673102e-05
mnd,0.00131953607889
rov,0.0179526355997
nbu,0.000416695603861
aus,0.0226751857768
xto,0.000902840475033
vel,0.00729217306757
vli,0.0
lre,0.00406278213765
far,0.0235085769845
osu,0.00670185429544
lro,0.000451420237516
fti,0.0
gue,0.0162858531842
did,0.0157997083131
evb,0.0
tre,0.107576915064
gus,0.00461837627613
gos,0.0104521147302
guy,3.47246336551e-05
dip,0.00131953607889
evv,0.000104173900965
tej,0.000555594138482
uei,0.00267379679144
hto,0.000104173900965
ted,0.00284741995972
uec,0.00225710118758
edz,0.0
mll,0.000104173900965
pls,0.0
lla,0.211160497257
sug,0.00128481144524
abb,0.0136467810265
bda,0.000277797069241
eca,0.0254878811029
nef,0.00388915896937
sum,0.00729217306757
abl,0.0480936176123
lmp,0.00131953607889
sus,0.188172789777
jef,0.00163205778179
ner,0.0396902562678
suy,0.00232655045489
mee,0.000173623168276
leh,6.94492673102e-05
ntu,0.00854225987916
meo,0.000520869504827
aie,6.94492673102e-05
ler,0.00621570942427
ggi,0.0267032432808
rdu,0.000659768039447
hbi,0.000277797069241
eka,0.000312521702896
rda,0.0415653864852
dra,0.0136120563928
que,1.0
jat,0.000243072435586
wig,0.000208347801931
jra,6.94492673102e-05
vij,0.0
sgu,0.00559066601847
apt,0.000208347801931
bro,0.0147926939371
ipp,0.00291686922703
sgo,0.000243072435586
bre,0.20539620807
ufr,0.00145843461351
use,0.00559066601847
chd,6.94492673102e-05
aye,0.00451420237516
fel,0.00218765192027
chn,0.00163205778179
fer,0.0162164039169
usq,0.00104173900965
pfe,0.000798666574068
ert,0.0885478158205
ibl,0.00260434752413
dep,0.00145843461351
xhi,3.47246336551e-05
flu,0.00256962289048
ult,0.02194596847
dej,0.0171886936593
flo,0.00381970970206
ulb,0.0
caa,0.00197930411834
ded,0.00791721647337
erj,0.000347246336551
tav,0.00857698451281
srn,0.000243072435586
sph,3.47246336551e-05
tab,0.0591707757483
sis,0.00836863671088
hod,0.000694492673102
oyu,0.000243072435586
hoj,0.000868115841378
sig,0.0252795333009
env,0.0279533300924
mgi,3.47246336551e-05
sim,0.0325717063685
maq,0.000520869504827
ovv,0.00149315924717
lad,0.0281616778943
enb,0.00197930411834
mae,0.00288214459337
lap,0.000243072435586
mao,0.000347246336551
zna,3.47246336551e-05
zno,0.000208347801931
gea,0.0
egu,0.0232655045489
fkb,0.0
enl,0.00211820265296
zen,0.000173623168276
ffo,0.00336828946455
zet,6.94492673102e-05
tta,0.028995069102
itr,0.00260434752413
fir,0.00729217306757
eue,3.47246336551e-05
geo,0.000381970970206
jil,0.000243072435586
imm,0.00430585457323
dja,0.000486144871172
jir,0.000243072435586
fil,0.0114591291062
dad,0.100180568095
hop,3.47246336551e-05
noj,0.00392388360303
ceo,0.000416695603861
dan,0.0238558233211
dap,3.47246336551e-05
lza,0.0131953607889
nov,0.0047225501771
daz,0.00131953607889
cmi,0.000173623168276
oya,0.000625043405792
ifl,0.000833391207723
hlm,6.94492673102e-05
gom,0.00347246336551
ejn,0.000381970970206
rer,0.00861170914647
smu,6.94492673102e-05
bls,0.000104173900965
izp,0.000243072435586
reh,0.000833391207723
ajn,0.0
ble,0.00944510035419
izz,0.00517397041461
ref,0.00263907215779
sma,0.00767414403778
jer,0.0513577331759
rlo,0.018126258768
orz,0.00552121675116
asu,0.000486144871172
pud,0.00399333287034
rla,0.0133342593236
orp,0.00347246336551
asc,0.0218765192027
mmi,0.00402805750399
nto,0.203937773456
orf,0.000729217306757
asi,0.0264948954789
pup,0.0
quo,0.000486144871172
iss,0.0283353010626
atl,0.000347246336551
isi,0.0194110702132
atr,0.0180915341343
lte,0.00791721647337
isg,0.000277797069241
zal,0.000763941940413
nha,0.00118063754427
onl,0.0107993610667
zab,0.00281269532606
onz,0.00315994166262
toz,0.0
iao,0.000104173900965
top,0.00145843461351
ton,0.0645183693312
vva,0.000312521702896
gic,0.000833391207723
tod,0.228800611154
hud,0.000937565108688
tfi,0.00114591291062
ogu,0.00013889853462
hun,0.000451420237516
lhe,6.94492673102e-05
nch,0.0276408083895
ogo,0.00236127508855
hup,0.000173623168276
rra,0.0911521633447
ncb,6.94492673102e-05
oga,0.00545176748385
huz,3.47246336551e-05
nzs,3.47246336551e-05
stf,3.47246336551e-05
bel,0.0114938537398
sth,0.00149315924717
dte,0.000104173900965
bez,0.00961872352247
rzs,0.0
jel,0.000104173900965
str,0.18744357247
raf,0.00572956455309
oqu,0.00166678241545
prc,6.94492673102e-05
ral,0.00670185429544
sag,0.00625043405792
anj,0.00291686922703
pru,0.00236127508855
rar,0.0618445725398
lid,0.00979234669074
lin,0.0159386068477
mie,0.0427112993958
lip,0.00190985485103
liz,0.00277797069241
vng,0.000104173900965
jba,6.94492673102e-05
bst,0.000833391207723
oft,0.0
bvi,0.0
uye,0.00489617334537
rho,0.0
nlu,0.000486144871172
dob,0.00298631849434
lps,6.94492673102e-05
cya,0.000104173900965
dox,0.0
lpi,0.00277797069241
dov,0.0146537954025
rta,0.0728522814084
dba,0.000277797069241
uge,0.000104173900965
cdt,0.0
ojl,0.000104173900965
oci,0.02014028752
ngl,0.000694492673102
occ,0.0191679977776
hrm,0.0
ksa,0.0
yco,0.0
ymo,0.0
hip,0.000416695603861
ssu,0.0091325786513
hiz,0.0258351274394
sso,0.0253489825682
hid,0.001007014376
tba,0.000868115841378
ssa,0.0233002291826
hin,0.00506979651365
ema,0.01691089659
baf,0.000625043405792
crd,0.000208347801931
bal,0.012084172512
art,0.0687894992708
nut,0.00475727481075
bte,0.000173623168276
sea,0.0453156469199
arh,0.0
ffe,0.00447947774151
rml,0.000173623168276
lup,0.000277797069241
dle,0.00263907215779
luz,0.0040975067713
muy,0.00743107160219
irh,0.0
lud,0.00583373845406
muc,0.0272241127856
jte,0.0
irb,0.0
lun,0.0113202305716
tup,0.00128481144524
elh,3.47246336551e-05
job,0.000902840475033
vrg,0.000451420237516
tud,0.0109382596014
etr,0.0142718244323
unt,0.047225501771
ilh,0.000104173900965
coa,0.000972289742343
etf,0.0
tle,0.00114591291062
etl,0.0
rpu,0.000451420237516
hva,3.47246336551e-05
had,0.00625043405792
por,0.412042502952
sai,0.0027085214251
rpi,0.00215292728662
swi,0.0
duj,0.000694492673102
jol,0.00378498506841
dud,0.000833391207723
frm,6.94492673102e-05
fif,0.0
xad,0.000104173900965
cqu,0.00166678241545
nri,0.00152788388083
otl,0.0
gam,0.0047225501771
nna,0.00920202791861
ilb,0.000451420237516
gac,0.00503507187999
lba,0.002014028752
eiu,3.47246336551e-05
rbu,3.47246336551e-05
ais,0.0023959997222
cui,0.0121188971456
gnd,0.00128481144524
hdo,0.0
ful,0.000902840475033
rba,0.00583373845406
vol,0.0543093270366
rit,0.0460795888603
nvu,0.000312521702896
avr,0.00756997013682
tza,6.94492673102e-05
rij,0.000625043405792
pap,0.00281269532606
dhi,0.0
paz,0.00857698451281
pad,0.0402111257726
pan,0.0174317660949
pho,0.00111118827696
fna,0.0
nil,0.00295159386068
oig,0.00184040558372
phe,0.000972289742343
niz,0.00291686922703
phs,0.0
nip,0.00326411556358
ois,0.0218765192027
ioa,0.0
ept,0.0023959997222
ths,6.94492673102e-05
thi,0.000937565108688
oam,0.00413223140496
lde,0.00663240502813
haj,0.000312521702896
fbu,0.000173623168276
gma,6.94492673102e-05
elf,0.000347246336551
cuc,0.00659768039447
zot,0.00114591291062
rgl,0.00218765192027
gmu,3.47246336551e-05
rni,0.0122230710466
opp,0.00791721647337
amo,0.0586846308771
bif,0.000104173900965
moq,3.47246336551e-05
nva,0.00298631849434
opl,0.000972289742343
ams,0.00288214459337
bir,0.0122577956803
ees,0.000729217306757
dvi,0.0
olf,0.000208347801931
ezr,0.000381970970206
olp,0.00465310090979
uco,0.00385443433572
jlo,3.47246336551e-05
ijl,0.0
fot,0.000625043405792
ici,0.0777831793875
pev,0.00173623168276
ese,0.0590318772137
dda,0.000416695603861
peb,0.0
tdo,0.000208347801931
rul,0.000173623168276
oes,3.47246336551e-05
hsh,0.0
ruz,0.00118063754427
plo,0.0068060281964
rup,0.00152788388083
oeg,6.94492673102e-05
ndi,0.0719494409334
obl,0.00302104312799
zuz,0.0
ndc,0.000451420237516
obb,0.00312521702896
acm,0.000451420237516
soc,0.00166678241545
ppe,0.00798666574068
som,0.00836863671088
bba,0.00482672407806
lob,0.000381970970206
hev,0.000173623168276
xpo,0.0
val,0.0144107229669
rct,0.000208347801931
xpe,0.000416695603861
vaz,0.000277797069241
rcn,0.000173623168276
lov,0.000625043405792
uyo,0.00670185429544
heb,0.00149315924717
zib,0.00013889853462
vap,0.00013889853462
was,0.000243072435586
rju,6.94492673102e-05
msi,0.000243072435586
bur,0.00263907215779
eay,0.0
buh,0.0
rja,0.000104173900965
hne,0.000104173900965
eas,0.00631988332523
buf,0.000486144871172
jle,3.47246336551e-05
cie,0.0868115841378
iqu,0.0109382596014
cis,0.0152788388083
yac,0.000729217306757
utz,3.47246336551e-05
uie,0.0350024307244
int,0.0448295020488
pid,0.00500034724634
uio,0.000763941940413
cbr,0.000243072435586
inn,0.00295159386068
aga,0.023057156747
oag,0.0
igu,0.0121536217793
grr,0.000104173900965
naj,0.00229182582124
tiv,0.0106951871658
nap,6.94492673102e-05
oas,0.00184040558372
iga,0.0144107229669
grn,6.94492673102e-05
tib,0.000625043405792
bza,0.0
ubr,0.0101048683936
afn,3.47246336551e-05
ubn,0.00177095631641
eog,3.47246336551e-05
hno,0.0
eom,3.47246336551e-05
gog,0.00166678241545
roi,0.000659768039447
osz,3.47246336551e-05
alk,3.47246336551e-05
roc,0.0147579693034
ost,0.0638238766581
ala,0.0651781373707
scn,0.000451420237516
osn,0.000416695603861
mne,3.47246336551e-05
xtr,0.00569483991944
lke,3.47246336551e-05
veg,0.00194457948469
aur,0.00326411556358
vem,0.00190985485103
tme,0.000763941940413
mpa,0.0214598235989
fas,0.00145843461351
iub,0.000173623168276
hak,0.0
fai,0.00121536217793
edm,0.000451420237516
fag,0.000243072435586
aju,0.000243072435586
eit,0.00506979651365
evi,0.0117369261754
trj,0.000729217306757
gud,0.000347246336551
die,0.0537190082645
trd,0.0
upa,0.00187513021738
gur,0.00500034724634
hys,0.00253489825682
tmo,0.000520869504827
diq,0.00013889853462
cfi,0.000520869504827
tee,6.94492673102e-05
ueb,0.0483366900479
odi,0.00760469477047
ntz,0.00107646364331
uet,0.00121536217793
odc,0.000312521702896
suf,0.00218765192027
neg,0.00715327453295
sul,0.0309743732204
sur,0.00659768039447
nes,0.0523647475519
med,0.0297937356761
dce,0.00218765192027
ozc,0.00250017362317
lei,0.00388915896937
men,0.104382248767
ozi,0.000486144871172
les,0.0945204528092
mep,3.47246336551e-05
ggh,0.000104173900965
mez,0.00524341968192
rdt,0.0
gle,0.00263907215779
boi,0.000243072435586
ctc,0.0
boc,0.0131953607889
zma,0.000208347801931
zic,0.000104173900965
wil,0.00013889853462
rum,0.00291686922703
apu,0.00125008681158
brn,0.00260434752413
wir,0.0
feg,0.00013889853462
che,0.179040211126
fem,0.00197930411834
cho,0.0793110632683
eyr,0.0
fes,0.00777831793875
usp,0.000277797069241
eru,0.0108688103341
ibm,0.0
flt,3.47246336551e-05
caj,0.000243072435586
dek,0.00145843461351
era,0.153448156122
fln,0.0
ulc,0.0034030140982
dee,0.00118063754427
xci,0.000243072435586
tay,0.0
uav,0.00159733314814
spi,0.0165636502535
tac,0.00795194110702
cza,3.47246336551e-05
sir,0.0101048683936
enc,0.0382665462879
ryg,3.47246336551e-05
afa,0.00375026043475
sif,6.94492673102e-05
sst,0.000312521702896
sil,0.0044100284742
map,0.000277797069241
maz,0.00204875338565
afo,0.000243072435586
mad,0.0343773873186
laq,0.000555594138482
man,0.147406069866
isf,0.000868115841378
lse,0.00173623168276
jnt,0.000381970970206
zeo,3.47246336551e-05
enm,0.000312521702896
uve,0.00218765192027
fis,0.00194457948469
imb,0.00302104312799
gte,3.47246336551e-05
eud,0.000590318772137
jim,0.00114591291062
fig,0.00520869504827
uod,0.000312521702896
clu,0.00159733314814
eup,0.0
zgm,0.0
dae,3.47246336551e-05
cen,0.0434405167025
dao,0.00267379679144
cet,0.00302104312799
cez,6.94492673102e-05
ifq,0.000104173900965
nfl,0.00111118827696
yna,0.0
nfr,0.00319466629627
nim,0.00895895548302
hll,0.00013889853462
gol,0.00534759358289
ejo,0.0134037085909
res,0.191298006806
gof,0.000104173900965
eja,0.0278491561914
blr,3.47246336551e-05
izq,0.000312521702896
rei,0.0406278213765
dsi,6.94492673102e-05
ofo,0.00125008681158
reg,0.035141329259
gor,0.00215292728662
rln,0.0
ast,0.0847628307521
pue,0.110979929162
orq,0.143864157233
asb,0.000520869504827
qud,0.000243072435586
ntn,0.00329884019724
org,0.00625043405792
ash,0.000173623168276
lme,0.00847281061185
isr,0.0328147788041
atm,6.94492673102e-05
ish,0.0
ats,0.0
yud,0.00225710118758
zam,0.000520869504827
onm,0.00534759358289
zac,0.000902840475033
adu,0.00552121675116
ihi,0.0
onq,0.000659768039447
aru,0.000833391207723
jes,0.0208347801931
ian,0.0345510104868
xii,0.0
toq,0.00013889853462
jka,0.0
xis,0.00013889853462
too,3.47246336551e-05
iaz,0.00312521702896
jem,0.000555594138482
hue,0.00468782554344
hec,0.028092228627
nci,0.0874366275436
ogn,0.0184040558372
udi,0.00739634696854
nzr,0.0
stg,0.0
bem,0.00177095631641
sti,0.0773317591499
rca,0.0324675324675
htt,0.0
sts,0.00197930411834
fim,0.0
fma,0.000659768039447
nzl,0.000104173900965
rag,0.0114938537398
sah,0.000937565108688
ana,0.0379192999514
ram,0.0296548371415
saf,0.000243072435586
ank,0.000243072435586
prt,0.00118063754427
ras,0.0925064240572
egt,0.0
ray,0.00118063754427
zoa,6.94492673102e-05
lio,0.0193416209459
efu,0.000659768039447
liq,0.0017015070491
efo,0.00013889853462
rmm,3.47246336551e-05
tye,3.47246336551e-05
ker,0.002014028752
bso,0.000208347801931
bsa,0.00222237655393
uyn,3.47246336551e-05
ura,0.0532675880269
doc,0.0102090422946
mrs,0.0
doy,0.00145843461351
lph,0.000208347801931
mre,3.47246336551e-05
ugn,0.00243072435586
cdu,0.0
ojm,3.47246336551e-05
och,0.0162164039169
iez,0.0121188971456
ngm,0.0
jau,0.0
iet,0.0286130981318
bug,0.000486144871172
ien,0.203729425655
jaa,0.000243072435586
hiq,0.000208347801931
gez,0.000277797069241
ssn,0.0
hie,0.0193416209459
gen,0.0479547190777
hio,0.00854225987916
crq,3.47246336551e-05
aet,0.00187513021738
gda,0.000208347801931
bag,0.00104173900965
cre,0.0218417945691
bam,0.00315994166262
rfl,3.47246336551e-05
rms,0.000173623168276
set,0.00777831793875
eba,0.0165636502535
sez,0.0
ari,0.0554205153136
nua,0.00357663726648
muv,0.0
ar],3.47246336551e-05
its,6.94492673102e-05
iri,0.0219806931037
bsu,3.47246336551e-05
lue,0.0159386068477
irc,0.00607681088965
luo,0.00152788388083
joy,0.000104173900965
omp,0.0270504896173
tue,0.00118063754427
niq,0.00312521702896
cli,0.0054170428502
ets,0.0
ilc,0.000625043405792
cov,0.00378498506841
ili,0.0295506632405
joc,0.000208347801931
uni,0.0131606361553
coj,0.000972289742343
tse,0.00475727481075
ucr,0.00236127508855
pos,0.0521216751163
hae,0.0
poi,0.00809083964164
ucn,0.0
due,0.0120147232447
fga,6.94492673102e-05
jis,0.00131953607889
gav,0.000381970970206
gal,0.00559066601847
hmi,6.94492673102e-05
uin,0.0271199388846
gab,0.00392388360303
unu,0.001007014376
mlg,0.0
jeg,0.0
air,0.00156260851448
fug,0.00513924578096
gne,0.00173623168276
aid,0.00013889853462
fum,0.00312521702896
vom,0.000625043405792
riu,0.00399333287034
avs,0.000173623168276
ave,0.0384401694562
voy,0.000833391207723
ria,0.0428501979304
cje,0.000104173900965
pae,0.00336828946455
pao,0.00135426071255
phn,0.000937565108688
lie,0.0245155913605
iot,0.00107646364331
hce,0.000486144871172
jom,0.00145843461351
ioj,0.00013889853462
phr,0.00319466629627
mzo,0.0
oir,0.00531286894923
ofa,0.00163205778179
epu,0.00802139037433
thr,0.000277797069241
ujs,0.0
ccl,0.000312521702896
ofu,0.00180568095007
uje,0.0238905479547
epa,0.00899368011667
mid,0.00934092645323
ldr,0.00458365164248
tci,0.00013889853462
eli,0.0185776790055
rgy,0.0
elg,0.000416695603861
bis,0.0237516494201
cub,0.0140634766303
ada,0.0950760469477
ajo,0.0165636502535
rgm,0.0
tii,0.000208347801931
moz,0.00347246336551
rnh,0.000625043405792
amn,0.00493089797903
big,0.000798666574068
lce,0.00118063754427
mon,0.0352455031599
amr,0.000451420237516
psw,0.0
toe,0.0
mod,0.00656295576082
eer,0.00256962289048
eed,0.00107646364331
tic,0.0211820265296
wbi,0.0
olg,0.00500034724634
zci,0.000763941940413
ijc,0.000208347801931
rph,0.00013889853462
eze,0.00357663726648
ich,0.0324675324675
cns,0.00013889853462
esd,0.0261476491423
pei,0.0
umb,0.0064240572262
cno,6.94492673102e-05
esj,6.94492673102e-05
pec,0.0187513021738
ufo,0.000104173900965
oer,0.00013889853462
hsi,0.0
pln,3.47246336551e-05
sra,0.0332314744079
acf,0.000520869504827
ndb,0.0
sro,0.000416695603861
acl,0.000729217306757
zua,0.000104173900965
yla,0.0
zuo,3.47246336551e-05
nsi,0.0172234182929
sob,0.115980276408
mbe,0.002014028752
nsc,0.000173623168276
sol,0.0477463712758
ppr,0.00381970970206
sov,0.000486144871172
giv,0.0
ehu,0.000868115841378
vam,0.00631988332523
rcu,0.00329884019724
loi,0.00319466629627
pye,0.0
rco,0.0110424335023
gib,0.000312521702896
eha,0.000173623168276
xpr,0.000486144871172
war,0.0
gih,3.47246336551e-05
ean,0.0127092159178
bus,0.0137856795611
bui,0.00194457948469
ear,0.0104521147302
loc,0.00923675255226
azi,0.0153135634419
cid,0.0218417945691
dmi,0.000555594138482
azc,0.000173623168276
utm,0.0
cir,0.0170497951247
yab,0.000173623168276
uid,0.00927147718592
cbe,3.47246336551e-05
inu,0.00722272380026
pie,0.0400027779707
rvl,3.47246336551e-05
yro,0.000104173900965
ino,0.100076394194
ina,0.0622612681436
igt,3.47246336551e-05
grs,0.00013889853462
oal,3.47246336551e-05
oar,0.000381970970206
gro,0.00527814431558
jck,0.000208347801931
ubs,3.47246336551e-05
ube,0.00649350649351
ubo,0.00777831793875
hnd,0.000486144871172
cpe,6.94492673102e-05
eol,0.00114591291062
roj,0.00229182582124
sci,0.0373289811792
edd,0.00118063754427
lls,0.000451420237516
rod,0.00847281061185
edr,0.0144801722342
lli,0.018126258768
scu,0.0198624904507
alt,0.0404889228419
llg,0.00013889853462
alh,0.000347246336551
ved,0.00840336134454
gaa,0.00166678241545
vej,0.00559066601847
faz,0.00166678241545
mpn,0.0
vle,6.94492673102e-05
xha,0.00013889853462
ics,0.000555594138482
fan,0.00760469477047
fad,0.0
dil,0.00784776720606
nla,0.00208347801931
trm,0.0081255642753
dif,0.0208695048267
trg,6.94492673102e-05
upt,0.000208347801931
dir,0.0200013889853
tel,0.0115633030072
rri,0.022154316272
tef,3.47246336551e-05
osa,0.0598999930551
odj,0.0
tep,3.47246336551e-05
nba,0.000347246336551
odd,0.000312521702896
nen,0.0112855059379
aim,0.00312521702896
sue,0.0136120563928
abd,0.000451420237516
plq,0.0
pts,0.0
ned,0.0040975067713
suk,0.0
abn,0.00295159386068
zre,0.000277797069241
nez,0.0037155358011
nep,0.000520869504827
ggu,0.000277797069241
meg,0.00267379679144
lej,0.00434057920689
mei,0.000381970970206
tnm,0.0
let,0.0127439405514
mes,0.0235085769845
ecu,0.00204875338565
dri,0.00691020209737
boj,0.0
nni,0.00802139037433
aka,0.0
bod,0.000243072435586
vib,0.00013889853462
wie,3.47246336551e-05
jro,0.00166678241545
jar,0.0122577956803
iph,0.000520869504827
rlu,0.000173623168276
brm,0.000104173900965
viv,0.0162164039169
sga,0.000694492673102
brc,0.0
zit,0.000763941940413
usc,0.0163553024516
ziz,3.47246336551e-05
usi,0.0115980276408
chz,0.00222237655393
ivn,3.47246336551e-05
ays,0.000104173900965
ygi,3.47246336551e-05
erv,0.0461490381276
tnq,0.0
ibn,0.000555594138482
cas,0.0786512952288
der,0.0774359330509
xho,0.000694492673102
cai,0.00156260851448
del,0.386762969651
erb,0.00566011528578
fla,0.00204875338565
ibr,0.018924925342
cag,0.00114591291062
def,0.00368081116744
tap,0.000902840475033
mga,3.47246336551e-05
taz,0.00208347801931
uai,0.000555594138482
tal,0.029203416904
uac,0.000729217306757
idn,0.000555594138482
siq,0.000104173900965
end,0.195464962845
oys,3.47246336551e-05
enn,0.00496562261268
yis,0.000659768039447
sie,0.0711507743593
aft,3.47246336551e-05
lal,0.000173623168276
mas,0.115355233002
npi,0.000798666574068
laf,0.0
lot,0.0027085214251
mag,0.013889853462
hob,0.000104173900965
lar,0.0475380234739
hfi,3.47246336551e-05
yug,0.00104173900965
ssi,0.0269463157164
ega,0.0390304882283
itn,0.00211820265296
lsb,0.0
csa,0.000347246336551
zel,0.000625043405792
tti,0.0356969233975
itz,0.000208347801931
hoh,0.0
eum,0.000104173900965
jid,0.000659768039447
ime,0.0251406347663
hzm,3.47246336551e-05
imo,0.0361136190013
ssc,0.0
fid,0.00385443433572
eus,0.000104173900965
ceg,0.00125008681158
daf,3.47246336551e-05
nod,0.000173623168276
cem,0.0023959997222
lzi,0.000208347801931
ces,0.0844503090492
dar,0.0578859643031
nop,0.000277797069241
nfe,0.00652823112716
ifr,0.000173623168276
ynt,0.0
hla,0.000173623168276
rez,0.00829918744357
goo,0.000277797069241
rep,0.0196541426488
sms,3.47246336551e-05
ejb,0.0
blm,0.000104173900965
izr,3.47246336551e-05
ren,0.0609070074311
smi,0.00159733314814
red,0.0395860823668
pul,0.0129175637197
qus,0.0
rli,0.00277797069241
eco,0.0111466074033
lmr,0.0
orn,0.0376415028821
asa,0.0872630043753
nta,0.147093548163
ord,0.0387874157928
aso,0.0142718244323
pur,0.00569483991944
isq,0.0
iso,0.0153482880756
ise,0.0207653309258
vvi,0.00385443433572
nhu,0.0
ihn,3.47246336551e-05
zav,0.000520869504827
pmp,3.47246336551e-05
onv,0.0107646364331
jep,0.000729217306757
iai,0.000972289742343
arv,0.00180568095007
xij,0.0
tov,0.000347246336551
iac,0.00875060768109
xit,6.94492673102e-05
jed,0.000312521702896
tol,0.0123272449476
rsd,0.0
ehn,0.000972289742343
ogi,0.00704910063199
hur,0.0040975067713
ncd,0.0
zst,0.0
rze,0.000486144871172
aac,0.00291686922703
beb,0.00822973817626
eln,0.000208347801931
nze,0.00246544898951
bev,0.000486144871172
buz,0.000347246336551
rad,0.0584762830752
sao,0.000173623168276
anb,0.000208347801931
bha,3.47246336551e-05
raj,0.00566011528578
sae,0.002014028752
ant,0.225432321689
rap,0.00652823112716
sas,0.0363566914369
rru,0.00152788388083
lif,0.0
mim,0.000555594138482
udn,6.94492673102e-05
bti,0.0
zol,0.00288214459337
mig,0.0167025487881
lir,0.00489617334537
miq,0.00111118827696
uys,0.000277797069241
rha,0.000104173900965
urb,0.00204875338565
tpi,0.0
urt,0.000972289742343
exp,0.00527814431558
juv,6.94492673102e-05
dot,0.0227446350441
dbi,6.94492673102e-05
rtc,0.00013889853462
rtu,0.00430585457323
ock,0.00166678241545
zte,0.000347246336551
rsp,0.00013889853462
ngn,0.00309049239531
oce,0.0218417945691
hro,0.000590318772137
jah,0.000347246336551
hra,0.00319466629627
ges,0.0034030140982
hir,0.0112160566706
gey,0.0
geg,3.47246336551e-05
hif,0.0
gem,0.00125008681158
emu,0.000833391207723
bad,0.00934092645323
rfe,0.00319466629627
baj,0.0196194180151
ses,0.014098201264
ebb,0.0184735051045
nur,0.000590318772137
sey,0.000555594138482
joz,0.000104173900965
lno,0.0
seo,0.0407667199111
arj,0.0
lna,0.00013889853462
lur,0.000208347801931
irp,0.000312521702896
xvi,3.47246336551e-05
ird,0.0
omi,0.0307660254184
jop,6.94492673102e-05
zba,0.0
tur,0.0208695048267
tul,0.000451420237516
vre,0.00854225987916
adr,0.0405930967428
tuf,0.000173623168276
coy,0.000243072435586
ilv,0.000173623168276
coc,0.00152788388083
etd,0.0
gga,0.000347246336551
unj,0.0
com,0.221195916383
poz,0.00145843461351
pop,0.00329884019724
rpa,0.00128481144524
pof,6.94492673102e-05
dul,0.00208347801931
rve,0.00531286894923
bbi,0.0112855059379
duf,6.94492673102e-05
frs,6.94492673102e-05
xal,6.94492673102e-05
jon,0.00385443433572
dup,0.0
bbu,0.000173623168276
nro,0.000798666574068
otn,0.000104173900965
gau,3.47246336551e-05
nre,0.000555594138482
elr,6.94492673102e-05
otr,0.0921939023543
lgt,0.0
rbs,3.47246336551e-05
eia,0.0
fud,0.0
rbi,0.00291686922703
aig,0.00309049239531
adn,0.000868115841378
von,0.00614626015696
rir,0.0180568095007
avl,3.47246336551e-05
voz,0.0124661434822
par,0.287797763734
paf,0.0
oio,0.001007014376
nib,0.000104173900965
oie,0.000277797069241
ios,0.112160566706
ioi,0.000555594138482
niv,0.00111118827696
off,0.00375026043475
ccu,0.00250017362317
epr,0.00451420237516
cco,0.023161330648
eph,0.00631988332523
cca,0.0132648100563
yem,6.94492673102e-05
lih,0.0
yeg,0.0
nvo,0.0054170428502
gdl,0.0
gmi,6.94492673102e-05
hal,0.0178137370651
eld,0.00329884019724
pst,0.00163205778179
cua,0.162372386971
hap,0.000243072435586
bna,0.000486144871172
rgn,0.000312521702896
bin,0.0593443989166
rno,0.016008056115
zov,0.0
opr,0.014896867838
ama,0.0567747760261
bid,0.0107993610667
rne,0.0170845197583
biz,0.000416695603861
mom,0.00253489825682
rns,0.00142370997986
opn,3.47246336551e-05
amu,0.00350718799917
lch,0.00621570942427
zla,0.00013889853462
fba,0.0
eem,0.000312521702896
vde,0.0
ijp,0.000416695603861
ezz,0.0128481144524
ezl,0.0
olr,3.47246336551e-05
ijn,3.47246336551e-05
ico,0.036947010209
pep,6.94492673102e-05
ice,0.0363914160706
ddi,0.00204875338565
esc,0.0728870060421
pej,0.000173623168276
umm,0.000173623168276
esi,0.0247586637961
tdm,0.0
rub,0.00388915896937
fed,0.00569483991944
zzo,0.00864643378012
hst,0.00013889853462
zze,0.00246544898951
ruv,3.47246336551e-05
zur,0.000208347801931
obj,0.0
fre,0.0280227793597
ace,0.0722272380026
nde,0.101916799778
acs,0.000104173900965
zuf,6.94492673102e-05
idd,0.000937565108688
mbl,0.00229182582124
vsp,0.000173623168276
ahr,0.0
soy,0.015001041739
mbr,0.0984096117786
giu,0.0155566358775
hep,3.47246336551e-05
nje,0.00322939092993
vab,0.0017015070491
lon,0.0104868393638
hez,0.00107646364331
rch,0.013091186888
gia,0.0130564622543
hel,0.00246544898951
fza,0.0
vav,0.000243072435586
jub,0.000243072435586
sdr,0.000833391207723
eaa,0.0
bun,0.00357663726648
rjo,0.000659768039447
bud,0.000243072435586
tvo,0.000381970970206
utr,0.000520869504827
lvm,0.000173623168276
pil,0.00184040558372
uig,0.000104173900965
inv,0.0105215639975
pif,0.0
rvs,3.47246336551e-05
inh,0.0
pip,0.0
nnu,0.00246544898951
inb,6.94492673102e-05
nab,0.0085075352455
igs,0.000312521702896
nah,0.000590318772137
tip,0.00506979651365
grf,0.0
nav,0.00704910063199
tij,0.000347246336551
igo,0.025974025974
hwb,0.0
umq,0.0
agi,0.0122925203139
eos,0.0118411000764
agu,0.0144454476005
sch,0.00934092645323
ali,0.0451767483853
llr,0.000277797069241
mns,0.00263907215779
roe,0.000347246336551
scb,0.00013889853462
eds,0.000520869504827
alu,0.00878533231474
oad,0.000659768039447
zmi,3.47246336551e-05
ede,0.0462532120286
vee,6.94492673102e-05
aut,0.00826446280992
ooz,0.000486144871172
mpo,0.0475380234739
pek,0.000312521702896
iud,0.0335092714772
mpu,0.00260434752413
aja,0.00697965136468
fae,0.0
dim,0.00767414403778
trl,0.000243072435586
upi,0.00215292728662
guj,0.0
dig,0.00947982498785
eve,0.01510521564
trf,0.0
trp,0.000347246336551
upu,3.47246336551e-05
dis,0.0327800541704
tem,0.0354538509619
uej,0.000381970970206
teg,0.00368081116744
htr,0.0
uzg,0.00663240502813
uev,0.00941037572054
ode,0.0100006944927
neo,0.00222237655393
sud,0.00152788388083
abe,0.0385096187235
nee,0.000416695603861
suj,0.002014028752
abo,0.014896867838
sup,0.00357663726648
lea,0.00833391207723
mef,3.47246336551e-05
oza,0.00385443433572
meh,3.47246336551e-05
leu,0.000243072435586
mer,0.0447253281478
ibs,0.000277797069241
sbc,0.0
ruy,0.00302104312799
vmo,0.000243072435586
rdb,0.000104173900965
boe,0.000243072435586
ipc,0.00197930411834
ipi,0.0071185498993
wij,0.000208347801931
jas,0.01187582471
brl,0.000486144871172
apa,0.0291686922703
brb,0.000208347801931
ayl,0.0
ore,0.0511841100076
ush,3.47246336551e-05
zia,0.0119452739774
voo,3.47246336551e-05
ruc,0.00423640530592
oop,0.0
jme,0.000104173900965
erw,0.000243072435586
kla,0.0
ibo,0.0013889853462
car,0.0819501354261
des,0.147788040836
dem,0.0149663171054
erc,0.05215639975
ula,0.00461837627613
caf,0.000208347801931
deg,0.0120494478783
taq,0.0
xcu,6.94492673102e-05
tam,0.0819501354261
spe,0.0306271268838
sip,0.000625043405792
afi,0.00291686922703
ido,0.0938606847698
oyr,3.47246336551e-05
eno,0.0299326342107
sid,0.0206958816584
hag,0.0105215639975
nye,0.0
lam,0.0433363428016
mar,0.0662198763803
sna,0.00107646364331
aon,0.000243072435586
lag,0.0057990138204
lay,0.000694492673102
ovi,0.00989652059171
ene,0.0799708313077
ito,0.0603166886589
zeg,0.0
ttr,0.00652823112716
ite,0.012987012987
lsi,0.00131953607889
ffl,0.000555594138482
vme,0.000555594138482
jie,0.000104173900965
uov,0.00972289742343
euf,3.47246336551e-05
imn,0.00187513021738
fie,0.00708382526564
eur,0.000277797069241
cef,6.94492673102e-05
dag,0.00399333287034
noe,0.000381970970206
cel,0.0128133898187
dai,0.00486144871172
cer,0.103409959025
das,0.0916383082158
lzb,0.0
noq,0.00013889853462
zwi,6.94492673102e-05
yni,0.0
ifs,0.000104173900965
ife,0.00548649211751
ifo,0.00125008681158
rvr,0.0
afu,0.000520869504827
mda,0.0
dga,0.000173623168276
gon,0.00947982498785
eji,0.00135426071255
izi,0.0112160566706
req,0.00114591291062
bll,0.000486144871172
izs,0.000243072435586
reo,0.00204875338565
goz,0.00555594138482
eju,3.47246336551e-05
ree,0.00357663726648
pum,0.000104173900965
sbu,0.000937565108688
ecn,6.94492673102e-05
pug,0.00145843461351
ntv,0.0
oro,0.0337176192791
ect,0.00822973817626
pbl,0.000208347801931
sbi,0.00107646364331
asn,0.00322939092993
pus,0.0420515313563
ate,0.0384748940899
haq,3.47246336551e-05
isp,0.00937565108688
piq,3.47246336551e-05
isn,0.000104173900965
<<l,0.0
isd,6.94492673102e-05
nhb,0.0
onc,0.0732689770123
zaa,6.94492673102e-05
iho,0.0
xia,0.0
toy,0.00368081116744
iah,0.0
uho,0.0
rrh,0.000729217306757
iab,0.00263907215779
tom,0.0466351829988
iat,0.0211125772623
las,0.246683797486
rse,0.0252795333009
jee,0.0
hui,0.00163205778179
uda,0.0392735606639
ogh,0.000798666574068
hus,0.001007014376
nce,0.0801097298424
ogb,0.0
sta,0.257760955622
ebu,0.00107646364331
bec,0.00722272380026
aat,6.94492673102e-05
bey,0.0
zgo,0.00013889853462
rae,0.0414959372179
san,0.0496215014932
anc,0.0559413848184
prl,0.000173623168276
rme,0.0321897353983
sad,0.0120147232447
anu,0.00461837627613
sar,0.0428849225641
lig,0.00958399888881
mil,0.0327800541704
zom,0.000416695603861
mif,0.0
lis,0.011077158136
efa,0.001007014376
jse,0.000625043405792
uyr,0.0
udo,0.0121536217793
kah,0.0
sfo,0.00378498506841
bsi,3.47246336551e-05
sfe,0.00243072435586
bsc,0.00013889853462
exe,6.94492673102e-05
urc,0.00104173900965
doa,0.0
mrm,3.47246336551e-05
nck,0.000868115841378
njr,0.0
ugl,0.00145843461351
cdm,0.0
kur,0.0
oje,0.000520869504827
qol,0.000243072435586
nge,0.0299326342107
ocj,0.000173623168276
hrt,3.47246336551e-05
ngo,0.0213556496979
eho,0.126432391138
iev,0.00125008681158
hrn,0.000312521702896
jai,0.000277797069241
ger,0.0168761719564
his,0.00190985485103
hig,0.00218765192027
ads,0.000104173900965
zem,0.0
gel,0.0129175637197
shu,0.000243072435586
emb,0.0184735051045
aab,6.94492673102e-05
gbi,0.0
emt,3.47246336551e-05
tth,0.00253489825682
rtb,0.000104173900965
shi,0.000347246336551
aej,6.94492673102e-05
ser,0.158899923606
omb,0.0786512952288
lnt,0.0
nus,0.000972289742343
sex,0.00118063754427
ara,0.230154871866
nui,0.00180568095007
sen,0.0729217306757
lus,0.00295159386068
lug,0.0212862004306
mul,0.0110424335023
ire,0.0260087506077
ken,0.000347246336551
tus,0.056983123828
fiq,0.00163205778179
tum,0.00166678241545
ham,0.0100006944927
kbc,0.0
mle,0.000416695603861
ila,0.0117022015418
una,0.113028682547
cob,0.00718799916661
ete,0.0465657337315
ior,0.0155219112438
col,0.0399333287034
joe,0.000243072435586
tuy,0.00225710118758
poq,0.00013889853462
pog,0.00163205778179
ucl,0.0
dum,0.00180568095007
dug,0.000104173900965
xam,0.000451420237516
duq,0.00197930411834
tug,0.00013889853462
nrn,0.0
oto,0.00600736162233
lga,0.00545176748385
gaj,0.000208347801931
els,0.00145843461351
ots,0.000104173900965
lgu,0.0180915341343
aiz,0.00013889853462
hoc,0.000486144871172
ail,0.000694492673102
fue,0.0708382526564
sle,0.000833391207723
aif,0.000104173900965
yst,0.000208347801931
ive,0.0161469546496
ivo,0.0121536217793
ris,0.0680255573304
voq,0.000381970970206
rii,6.94492673102e-05
tzl,0.0
uxi,6.94492673102e-05
pas,0.0445169803459
zgu,0.000520869504827
pag,0.0113549552052
oin,0.000416695603861
psa,0.000243072435586
phl,0.0
nic,0.0112855059379
oid,0.00284741995972
dgo,6.94492673102e-05
zoc,0.000243072435586
php,0.0
uml,6.94492673102e-05
eps,0.000555594138482
ofm,0.000659768039447
epi,0.00229182582124
yel,0.000173623168276
vic,0.00538231821654
ldj,0.0
joo,0.00159733314814
lii,3.47246336551e-05
cut,0.00187513021738
elo,0.0259045767067
cuz,0.00013889853462
ele,0.0297242864088
rge,0.0047225501771
ado,0.229078408223
lci,0.0027085214251
rgo,0.0105910132648
bio,0.0106257378985
vii,0.000277797069241
rnn,0.000763941940413
ops,0.000312521702896
bie,0.0483366900479
mov,0.00274324605875
rnd,0.00156260851448
ope,0.00420168067227
mol,0.0110077088687
rnr,0.000347246336551
opo,0.0119452739774
biq,0.0
eel,0.00107646364331
zca,0.00395860823668
oli,0.0134731578582
ezm,0.00114591291062
ols,0.000625043405792
ije,0.00795194110702
ijo,0.191992499479
esv,0.00114591291062
ump,0.00586846308771
ddr,0.0
peq,0.00253489825682
cng,0.0
esb,0.00284741995972
foc,0.000729217306757
icr,0.000243072435586
esh,0.00184040558372
hsa,0.000104173900965
plp,3.47246336551e-05
ufa,0.0
nme,0.00479199944441
oen,3.47246336551e-05
oed,6.94492673102e-05
ndj,6.94492673102e-05
acd,3.47246336551e-05
ndd,3.47246336551e-05
oba,0.00427112993958
acr,0.0130217376207
ylo,0.000243072435586
ide,0.0154177373429
sod,0.00194457948469
ahe,0.000277797069241
nse,0.0377804014168
son,0.0767067157441
git,0.00357663726648
xpl,6.94492673102e-05
vac,0.00427112993958
loo,0.000208347801931
vay,0.00267379679144
rci,0.0250364608653
hem,0.0116327522745
juc,3.47246336551e-05
hlt,0.0
jui,0.00652823112716
sde,0.0258698520731
eaz,0.00190985485103
buo,0.00465310090979
sdo,0.000416695603861
eat,0.00208347801931
bue,0.0141329258976
dma,0.0
ovu,0.00204875338565
ute,0.00798666574068
cij,0.000694492673102
agh,0.000555594138482
uzm,0.0
aze,0.000208347801931
uts,0.000104173900965
cip,0.0307660254184
dmu,0.0
lvl,0.00013889853462
mta,3.47246336551e-05
vnd,0.000173623168276
vse,0.000277797069241
pim,0.000729217306757
uif,0.0
ohe,0.000173623168276
pig,0.00111118827696
uip,0.0
ini,0.0472602264046
loa,0.000451420237516
uiz,0.00250017362317
inc,0.0603861379262
nac,0.0157649836794
yol,0.0
igr,0.00118063754427
nai,0.00229182582124
tiq,3.47246336551e-05
grg,0.0
ign,0.0189596499757
grm,3.47246336551e-05
gat,0.00402805750399
ubi,0.0383359955552
icn,0.000208347801931
eod,0.000104173900965
zqu,0.000381970970206
sva,0.000486144871172
eor,0.0364261407042
